Program_studi,Application_mode,Course,Daytime_evening_attendance,Previous_qualification_grade,Admission_grade,Displaced,Debtor,Tuition_fees_up_to_date,Gender,Scholarship_holder,Age_at_enrollment,Curricular_units_1st_sem_enrolled,Curricular_units_1st_sem_evaluations,Curricular_units_1st_sem_approved,Curricular_units_1st_sem_grade,Curricular_units_2nd_sem_enrolled,Curricular_units_2nd_sem_evaluations,Curricular_units_2nd_sem_approved,Curricular_units_2nd_sem_grade,Probabilitas_dropout,Level_risiko
Veterinary Nursing,39,9085,1,133.1,138.3,1,1,0,1,0,25,6,6,0,0.0,6,6,0,0.0,0.9999,Tinggi
Informatics Engineering,17,9119,1,127.0,120.4,1,1,0,1,0,18,5,12,0,0.0,5,8,0,0.0,0.9999,Tinggi
Informatics Engineering,43,9119,1,130.0,128.0,0,1,0,1,0,27,5,5,0,0.0,5,7,0,0.0,0.9998,Tinggi
Management,51,9147,1,99.0,99.7,1,1,0,0,0,22,5,8,0,0.0,5,7,0,0.0,0.9997,Tinggi
Veterinary Nursing,39,9085,1,140.0,129.3,1,1,1,0,0,28,6,17,0,0.0,6,6,0,0.0,0.9992,Tinggi
Nursing,17,9500,1,138.0,133.0,1,0,1,0,0,18,8,8,0,0.0,8,8,0,0.0,0.999,Tinggi
Agronomy,44,9003,1,140.0,140.0,1,1,1,1,0,26,6,6,0,0.0,6,7,0,0.0,0.9987,Tinggi
Management,17,9147,1,139.0,143.6,1,1,1,1,0,18,5,9,0,0.0,5,5,0,0.0,0.9982,Tinggi
Informatics Engineering,1,9119,1,140.0,166.0,1,1,1,1,0,20,5,7,0,0.0,5,5,0,0.0,0.9982,Tinggi
Informatics Engineering,43,9119,1,115.0,112.2,1,1,1,1,0,18,5,9,2,10.0,5,9,0,0.0,0.9982,Tinggi
Nursing,43,9500,1,136.0,124.1,0,0,1,1,1,21,8,8,0,0.0,8,8,0,0.0,0.998,Tinggi
Agronomy,44,9003,1,120.0,120.0,0,0,1,1,0,19,6,17,1,11.0,6,19,0,0.0,0.9974,Tinggi
Oral Hygiene,39,9556,1,110.0,112.8,0,0,1,0,1,26,7,7,0,0.0,8,8,0,0.0,0.9974,Tinggi
Nursing,18,9500,1,128.0,125.8,0,0,1,0,1,20,8,8,0,0.0,8,8,0,0.0,0.9969,Tinggi
Journalism and Communication,1,9773,1,127.0,123.2,1,0,1,0,0,18,6,12,1,11.0,6,12,0,0.0,0.9965,Tinggi
Communication Design,17,9070,1,125.0,122.6,1,0,1,1,0,22,6,6,1,11.0,6,6,0,0.0,0.9965,Tinggi
Agronomy,39,9003,1,133.1,130.0,0,1,1,0,1,30,6,6,0,0.0,6,6,0,0.0,0.9961,Tinggi
Communication Design,43,9070,1,116.0,120.9,0,0,1,1,0,24,6,6,0,0.0,6,6,0,0.0,0.9961,Tinggi
Agronomy,39,9003,1,160.0,140.0,0,0,1,1,0,27,6,6,0,0.0,6,6,0,0.0,0.996,Tinggi
Nursing,1,9500,1,103.0,108.3,0,0,1,0,1,20,7,14,0,0.0,7,15,0,0.0,0.9958,Tinggi
Equinculture,44,9130,1,140.0,140.0,1,1,0,0,0,20,6,11,3,12.0,6,11,2,11.0,0.9954,Tinggi
Informatics Engineering,1,9119,1,140.0,125.7,1,0,1,1,0,18,5,5,0,0.0,5,5,0,0.0,0.995,Tinggi
Advertising and Marketing Management,17,9670,1,109.0,108.0,0,0,1,1,0,19,5,10,0,0.0,5,5,0,0.0,0.9948,Tinggi
Agronomy,44,9003,1,120.0,120.0,0,0,1,1,0,23,6,6,0,0.0,6,8,0,0.0,0.9948,Tinggi
Management (evening),39,9991,0,130.0,127.6,0,0,1,1,0,29,5,5,0,0.0,5,5,0,0.0,0.9947,Tinggi
Social Service,39,9238,1,133.1,130.0,1,0,1,0,0,31,6,11,0,0.0,5,10,0,0.0,0.9945,Tinggi
Management (evening),1,9991,0,131.0,118.4,1,0,1,0,0,20,5,10,0,0.0,5,10,0,0.0,0.9944,Tinggi
Nursing,39,9500,1,100.0,130.0,0,0,1,1,1,33,8,16,1,10.0,8,16,1,10.0,0.994,Tinggi
Informatics Engineering,17,9119,1,120.0,116.9,1,1,0,1,0,18,5,10,3,12.0,5,8,3,10.333333333333334,0.994,Tinggi
Informatics Engineering,39,9119,1,139.0,110.3,0,1,1,1,0,24,5,12,1,10.0,5,11,1,11.0,0.9936,Tinggi
Management,17,9147,1,162.0,138.6,1,0,1,0,0,19,5,10,1,11.0,5,13,0,0.0,0.9935,Tinggi
Management,17,9147,1,148.0,134.0,0,0,1,1,0,18,5,9,0,0.0,5,5,0,0.0,0.9932,Tinggi
Veterinary Nursing,1,9085,1,133.1,105.0,1,0,1,1,0,21,6,15,3,11.25,6,9,0,0.0,0.9931,Tinggi
Management (evening),39,9991,0,140.0,130.0,0,0,1,0,0,34,5,5,0,0.0,5,5,0,0.0,0.9928,Tinggi
Journalism and Communication,17,9773,1,129.0,132.5,1,0,1,1,0,21,6,7,0,0.0,6,11,1,10.0,0.9923,Tinggi
Management,1,9147,1,124.0,116.7,1,0,1,1,0,19,5,6,0,0.0,5,6,0,0.0,0.9919,Tinggi
Oral Hygiene,15,9556,1,137.0,137.0,0,1,1,0,0,19,7,11,0,0.0,7,11,2,11.666666666666666,0.9916,Tinggi
Advertising and Marketing Management,53,9670,1,140.0,140.0,1,1,1,0,0,21,6,12,1,12.0,6,11,1,11.0,0.9916,Tinggi
Nursing,39,9500,1,133.1,100.0,0,0,1,1,0,33,7,7,5,13.06,7,9,0,0.0,0.9913,Tinggi
Veterinary Nursing,44,9085,1,140.0,140.0,0,1,0,0,0,24,6,11,4,12.5,6,18,2,11.5,0.9912,Tinggi
Management,43,9147,1,127.0,124.2,1,0,1,1,0,23,5,6,1,10.0,5,5,0,0.0,0.9909,Tinggi
Management,51,9147,1,116.0,115.2,0,1,1,1,0,32,7,16,3,12.0,8,10,3,10.333333333333334,0.9897,Tinggi
Management,15,9147,1,133.1,100.0,0,1,1,1,0,40,5,10,1,11.0,5,10,1,10.0,0.9896,Tinggi
Social Service,1,9238,1,145.0,121.4,0,0,1,0,0,20,6,13,0,0.0,5,11,0,0.0,0.9896,Tinggi
Informatics Engineering,17,9119,1,127.0,115.8,0,0,1,1,0,20,5,10,4,11.5,5,11,0,0.0,0.9892,Tinggi
Management,17,9147,1,139.0,133.4,0,0,1,0,0,18,5,9,1,11.0,5,10,0,0.0,0.9883,Tinggi
Agronomy,39,9003,1,170.0,170.0,0,1,1,0,0,47,1,1,0,0.0,6,0,0,0.0,0.9883,Tinggi
Informatics Engineering,51,9119,1,129.0,121.6,1,0,1,1,0,19,5,10,0,0.0,5,7,1,10.0,0.9869,Tinggi
Nursing,1,9500,1,136.0,127.0,1,0,1,0,0,19,8,10,1,13.67,8,10,1,13.67,0.9848,Tinggi
Informatics Engineering,39,9119,1,133.1,100.0,0,0,1,1,0,25,5,13,1,11.0,5,11,1,10.0,0.9847,Tinggi
Informatics Engineering,1,9119,1,135.0,123.5,1,0,1,1,0,18,5,10,0,0.0,5,10,1,10.0,0.9834,Tinggi
Biofuel Production Technologies,43,33,1,143.0,121.2,1,0,1,1,0,25,10,13,5,11.6,8,10,2,13.0,0.9816,Tinggi
Informatics Engineering,39,9119,1,110.0,125.9,0,0,1,1,0,34,5,7,0,0.0,5,8,1,11.0,0.9814,Tinggi
Social Service,1,9238,1,133.0,126.0,0,0,1,0,0,20,6,11,1,12.0,5,10,0,0.0,0.9813,Tinggi
Oral Hygiene,15,9556,1,114.0,114.0,0,0,1,0,0,20,7,14,0,0.0,7,12,2,11.666666666666666,0.9811,Tinggi
Advertising and Marketing Management,17,9670,1,115.0,109.1,0,1,0,1,0,21,6,11,4,12.25,6,9,4,13.4,0.9802,Tinggi
Informatics Engineering,39,9119,1,120.0,116.0,0,1,1,1,1,34,5,14,1,17.0,5,10,2,11.0,0.9799,Tinggi
Communication Design,1,9070,1,121.0,120.7,1,0,1,0,0,18,6,8,4,10.75,6,9,0,0.0,0.9787,Tinggi
Veterinary Nursing,39,9085,1,140.0,154.6,0,0,0,0,1,44,6,12,4,12.75,6,15,2,10.0,0.9737,Tinggi
Social Service,39,9238,1,160.0,124.0,0,1,1,1,0,28,8,15,7,11.0,6,17,1,10.0,0.9736,Tinggi
Social Service (evening),39,8014,0,155.0,117.5,0,0,1,0,0,34,6,6,4,13.25,6,6,0,0.0,0.9736,Tinggi
Basic Education,17,9853,1,127.0,121.8,1,1,1,0,0,18,6,12,4,13.5,6,14,3,10.666666666666666,0.9725,Tinggi
Social Service,51,9238,1,122.0,112.6,0,1,1,0,0,20,11,18,8,12.625,10,10,3,11.0,0.9722,Tinggi
Informatics Engineering,44,9119,1,150.0,150.0,0,0,1,1,0,20,5,16,0,0.0,5,12,2,10.5,0.9704,Tinggi
Animation and Multimedia Design,1,171,1,130.0,118.1,0,1,0,1,0,18,0,0,0,0.0,0,0,0,0.0,0.9699,Tinggi
Informatics Engineering,44,9119,1,140.0,140.0,0,0,1,1,0,23,7,12,3,14.0,6,12,1,14.0,0.9697,Tinggi
Informatics Engineering,15,9119,1,160.0,160.0,0,1,1,0,0,19,6,11,2,13.5,5,11,2,11.0,0.9672,Tinggi
Advertising and Marketing Management,17,9670,1,138.0,123.0,0,1,0,1,0,20,6,7,5,12.4,6,8,4,13.0,0.964,Tinggi
Informatics Engineering,17,9119,1,122.0,121.0,1,0,1,1,0,20,5,10,4,14.25,5,14,1,10.0,0.962,Tinggi
Journalism and Communication,1,9773,1,129.0,117.1,1,0,1,0,0,20,6,12,1,17.0,6,12,1,17.0,0.9611,Tinggi
Social Service,43,9238,1,143.0,126.6,0,1,0,0,0,21,10,18,8,11.5,6,12,4,10.0,0.9599,Tinggi
Animation and Multimedia Design,17,171,1,146.0,135.5,1,1,1,0,0,22,17,19,12,11.833333333333334,17,22,11,11.25,0.9569,Tinggi
Informatics Engineering,44,9119,1,140.0,140.0,1,0,1,1,0,22,5,9,0,0.0,5,6,2,11.666666666666666,0.9557,Tinggi
Informatics Engineering,1,9119,1,142.0,129.8,1,0,1,1,0,18,5,5,0,0.0,5,6,1,15.0,0.9547,Tinggi
Veterinary Nursing,44,9085,1,130.0,130.0,0,0,0,1,0,20,6,10,5,13.2,6,21,3,12.0,0.9545,Tinggi
Tourism,44,9254,1,130.0,130.0,1,1,1,1,0,23,6,12,3,11.5,6,12,3,10.666666666666666,0.9536,Tinggi
Animation and Multimedia Design,1,171,1,131.0,127.2,1,1,1,1,0,23,17,19,13,12.153846153846152,17,28,11,11.909090909090908,0.9513,Tinggi
Advertising and Marketing Management,1,9670,1,136.0,129.7,1,0,1,1,0,19,6,10,4,12.5,6,12,1,10.0,0.9495,Tinggi
Social Service,17,9238,1,133.0,136.2,1,0,1,0,0,19,6,14,1,11.5,6,12,2,10.5,0.9477,Tinggi
Informatics Engineering,18,9119,1,134.0,124.9,1,1,1,1,0,18,5,11,3,10.666666666666666,5,9,3,11.333333333333334,0.9476,Tinggi
Management,1,9147,1,126.0,115.2,0,1,1,0,0,19,5,13,1,10.0,5,8,2,10.0,0.947,Tinggi
Basic Education,17,9853,1,146.0,128.2,0,1,1,0,0,18,6,8,4,13.25,6,10,3,10.666666666666666,0.9452,Tinggi
Management,1,9147,1,143.0,138.8,0,0,0,1,0,18,5,9,3,11.333333333333334,5,8,2,13.5,0.9442,Tinggi
Management,17,9147,1,120.0,115.5,1,1,0,1,0,19,5,8,4,12.5,5,9,5,10.5,0.944,Tinggi
Journalism and Communication,43,9773,1,127.0,117.6,1,0,1,0,0,18,6,6,0,0.0,6,10,3,11.0,0.9433,Tinggi
Management,17,9147,1,122.0,116.1,1,1,1,1,0,19,5,10,4,11.0,5,13,2,12.0,0.9432,Tinggi
Oral Hygiene,51,9556,1,131.0,126.6,1,0,1,1,0,23,7,11,5,12.414285714285713,7,13,2,13.5,0.942,Tinggi
Veterinary Nursing,43,9085,1,130.0,130.0,1,0,0,0,0,19,6,12,5,13.0,6,12,3,11.666666666666666,0.9416,Tinggi
Agronomy,39,9003,1,130.0,120.0,1,0,1,1,0,28,13,19,8,11.625,10,17,6,11.0,0.9412,Tinggi
Animation and Multimedia Design,1,171,1,123.0,118.8,0,0,1,1,0,19,10,10,5,11.0,7,8,2,10.0,0.9406,Tinggi
Basic Education,1,9853,1,133.1,95.0,1,1,0,0,0,22,7,10,6,11.5,7,8,6,13.166666666666666,0.9405,Tinggi
Equinculture,43,9130,1,127.0,120.7,1,1,1,0,0,18,5,11,1,12.0,5,9,3,12.0,0.9402,Tinggi
Journalism and Communication,43,9773,1,128.0,124.2,1,0,1,1,0,22,6,17,3,11.333333333333334,6,14,3,12.333333333333334,0.9401,Tinggi
Equinculture,17,9130,1,143.0,131.8,1,1,0,0,0,18,6,9,5,12.4,6,12,5,14.166666666666666,0.9381,Tinggi
Informatics Engineering,39,9119,1,133.1,100.9,1,0,1,1,0,24,5,9,1,12.0,5,6,3,10.5,0.9358,Tinggi
Management,1,9147,1,133.1,106.0,1,0,1,0,0,24,5,11,2,10.5,5,14,1,11.0,0.9341,Tinggi
Veterinary Nursing,53,9085,1,130.0,130.0,1,1,0,0,0,24,9,9,8,13.125,9,13,6,13.0,0.9319,Tinggi
Oral Hygiene,43,9556,1,126.0,100.0,0,0,1,0,0,25,7,10,3,13.0,8,10,3,11.666666666666666,0.931,Tinggi
Journalism and Communication,43,9773,1,121.0,121.0,1,0,1,1,0,23,6,15,1,13.0,6,8,4,11.25,0.9304,Tinggi
Social Service,1,9238,1,135.0,121.0,0,0,1,0,0,20,6,13,1,10.0,6,13,1,13.0,0.9303,Tinggi
Social Service,18,9238,1,137.0,137.4,1,0,1,0,0,18,6,10,1,12.0,6,14,2,11.0,0.93,Tinggi
Veterinary Nursing,44,9085,1,140.0,140.0,1,0,1,0,0,21,6,11,4,12.75,6,19,1,11.0,0.9297,Tinggi
Communication Design,43,9070,1,100.0,108.0,1,0,1,1,0,34,12,12,7,11.428571428571429,12,12,7,11.857142857142858,0.9271,Tinggi
Veterinary Nursing,53,9085,1,140.0,143.3,1,0,0,0,0,23,12,19,9,13.666666666666666,9,15,6,13.5,0.9256,Tinggi
Journalism and Communication,43,9773,1,119.0,105.0,1,0,1,0,0,23,6,11,3,11.333333333333334,6,7,2,11.0,0.9256,Tinggi
Management (evening),53,9991,0,140.0,135.0,0,1,1,0,0,23,11,18,8,12.375,9,15,5,12.6,0.9252,Tinggi
Management,17,9147,1,118.0,113.5,1,1,1,0,0,20,5,10,2,11.5,5,8,3,10.0,0.9238,Tinggi
Management,43,9147,1,131.0,123.7,1,0,1,0,0,18,5,10,1,14.0,5,10,1,14.0,0.9229,Tinggi
Agronomy,44,9003,1,130.0,130.0,0,0,1,1,0,20,7,13,3,10.666666666666666,6,14,2,11.5,0.9226,Tinggi
Basic Education,39,9853,1,133.1,108.0,0,1,0,0,0,33,7,7,7,12.857142857142858,7,8,6,12.666666666666666,0.9212,Tinggi
Communication Design,17,9070,1,127.0,130.2,1,0,1,1,0,19,6,6,5,11.4,6,8,1,10.0,0.9172,Tinggi
Management,17,9147,1,115.0,115.0,1,0,1,0,0,23,5,7,2,10.0,5,9,1,12.0,0.9163,Tinggi
Equinculture,1,9130,1,143.0,141.3,0,1,0,0,0,23,6,10,6,14.0,6,11,4,13.0,0.9154,Tinggi
Informatics Engineering,1,9119,1,160.0,153.7,0,0,1,1,0,19,5,7,1,13.0,5,7,2,10.0,0.915,Tinggi
Equinculture,1,9130,1,138.0,123.0,1,0,1,0,0,21,5,12,1,11.0,5,9,2,10.5,0.9107,Tinggi
Social Service (evening),1,8014,0,120.0,122.8,0,0,1,0,0,23,6,13,2,10.0,5,12,1,10.0,0.9023,Tinggi
Nursing,39,9500,1,133.1,115.2,0,0,1,0,0,48,7,11,4,11.75,7,14,3,11.725,0.9017,Tinggi
Agronomy,39,9003,1,133.1,100.7,0,0,1,0,0,39,6,15,2,13.0,6,13,3,13.0,0.9013,Tinggi
Basic Education,18,9853,1,110.0,110.0,1,0,1,0,0,20,6,10,4,12.75,6,14,3,11.333333333333334,0.9006,Tinggi
Informatics Engineering,39,9119,1,150.0,120.0,0,0,1,1,0,24,5,6,3,10.666666666666666,5,9,2,10.5,0.8997,Tinggi
Journalism and Communication,17,9773,1,124.0,127.9,1,0,1,1,0,20,6,11,3,13.666666666666666,6,13,4,10.25,0.8915,Tinggi
Veterinary Nursing,43,9085,1,160.0,120.0,0,0,1,1,0,21,5,11,0,0.0,5,11,3,11.666666666666666,0.8905,Tinggi
Equinculture,43,9130,1,130.0,130.0,1,0,1,1,0,33,5,12,1,13.0,5,7,3,14.0,0.8879,Tinggi
Basic Education,17,9853,1,133.1,107.0,1,0,1,0,0,20,7,12,6,11.666666666666666,7,10,3,13.0,0.8878,Tinggi
Management (evening),39,9991,0,133.1,121.5,0,0,1,1,0,38,5,11,2,10.5,5,9,3,11.333333333333334,0.8877,Tinggi
Social Service,44,9238,1,140.0,136.1,1,1,1,0,0,21,6,8,3,12.0,6,6,2,12.5,0.8868,Tinggi
Management,1,9147,1,166.0,146.4,0,0,1,1,0,27,5,12,3,10.0,5,12,1,13.0,0.8848,Tinggi
Equinculture,44,9130,1,150.0,150.0,1,0,1,1,0,19,6,13,5,11.6,6,12,2,11.0,0.8802,Tinggi
Communication Design,17,9070,1,142.0,141.0,1,0,1,1,0,18,6,6,6,13.0,6,8,1,10.0,0.8801,Tinggi
Tourism,17,9254,1,136.0,121.7,1,0,1,0,0,20,6,13,3,10.333333333333334,6,12,3,10.333333333333334,0.8789,Tinggi
Informatics Engineering,1,9119,1,149.0,141.0,0,0,1,1,0,18,5,9,2,11.666666666666666,5,9,2,12.5,0.8742,Tinggi
Management,17,9147,1,116.0,115.7,0,0,0,1,0,22,5,10,4,11.5,5,11,4,14.0,0.8712,Tinggi
Informatics Engineering,44,9119,1,130.0,130.0,0,0,1,1,0,20,5,12,1,13.0,5,8,3,12.6,0.8668,Tinggi
Informatics Engineering,44,9119,1,130.0,130.0,1,0,1,1,0,19,5,9,2,12.5,5,10,3,11.6,0.8662,Tinggi
Veterinary Nursing,18,9085,1,106.0,104.6,0,0,0,1,0,21,6,10,5,14.0,6,11,4,14.8,0.8657,Tinggi
Informatics Engineering,17,9119,1,131.0,123.7,1,0,1,1,0,20,5,7,4,12.0,5,8,2,12.5,0.8656,Tinggi
Management,17,9147,1,133.0,123.2,1,0,1,1,0,20,5,7,3,12.666666666666666,5,12,2,12.5,0.8653,Tinggi
Veterinary Nursing,17,9085,1,125.0,118.4,1,0,1,0,0,21,5,13,3,11.333333333333334,5,12,2,10.5,0.8644,Tinggi
Basic Education,5,9853,1,119.0,118.3,1,0,1,0,0,22,6,11,3,15.0,6,11,4,10.25,0.8635,Tinggi
Informatics Engineering,7,9119,1,180.0,180.0,0,1,1,1,0,30,5,6,4,14.5,5,10,3,16.2,0.863,Tinggi
Informatics Engineering,1,9119,1,163.0,150.8,1,0,1,1,0,18,5,9,4,10.5,5,11,2,10.5,0.8611,Tinggi
Agronomy,44,9003,1,140.0,120.0,1,0,1,1,0,22,6,13,5,13.0,6,13,2,11.5,0.8592,Tinggi
Informatics Engineering,1,9119,1,128.0,124.5,1,0,1,1,0,19,5,10,3,10.666666666666666,5,9,2,14.0,0.8591,Tinggi
Informatics Engineering,1,9119,1,133.0,121.8,1,0,1,1,0,18,5,9,4,12.0,5,10,2,11.0,0.8547,Tinggi
Tourism,17,9254,1,122.0,116.1,1,0,1,1,0,19,6,7,5,12.2,6,12,2,12.0,0.8523,Tinggi
Social Service,17,9238,1,118.0,110.7,1,0,1,0,0,18,6,15,2,10.333333333333334,6,13,3,13.333333333333334,0.851,Tinggi
Management,1,9147,1,116.0,124.8,1,0,1,1,0,20,5,9,2,14.333333333333334,5,10,2,12.5,0.8498,Tinggi
Social Service,1,9238,1,135.0,121.0,0,1,1,0,0,18,6,10,5,10.6,6,14,2,10.0,0.8495,Tinggi
Management (evening),43,9991,0,120.0,122.5,1,0,1,0,0,29,13,16,8,10.5,12,19,9,10.333333333333334,0.8484,Tinggi
Communication Design,43,9070,1,135.0,122.8,1,0,1,1,1,20,6,8,3,11.0,6,8,2,11.333333333333334,0.8467,Tinggi
Management,17,9147,1,116.0,112.2,1,0,1,0,0,20,5,8,3,11.333333333333334,5,12,2,10.666666666666666,0.8459,Tinggi
Management (evening),39,9991,0,120.0,119.9,0,0,1,0,0,50,5,9,2,10.5,5,7,3,11.0,0.845,Tinggi
Management (evening),39,9991,0,120.0,110.0,0,0,1,0,0,37,5,14,2,10.0,5,7,3,11.333333333333334,0.8441,Tinggi
Advertising and Marketing Management,1,9670,1,133.1,138.0,0,1,1,1,0,22,6,8,6,12.625,6,11,2,14.5,0.842,Tinggi
Advertising and Marketing Management,43,9670,1,117.0,113.2,0,0,1,1,0,21,5,11,2,10.0,5,10,3,10.333333333333334,0.84,Tinggi
Communication Design,1,9070,1,145.0,127.5,1,0,1,1,0,20,6,6,4,12.0,6,8,2,11.333333333333334,0.8394,Tinggi
Management,1,9147,1,125.0,122.2,1,0,1,0,0,18,5,9,1,11.0,5,9,2,12.5,0.8375,Tinggi
Communication Design,1,9070,1,125.0,132.0,0,0,0,0,0,18,6,10,5,12.2,6,11,4,10.833333333333334,0.8363,Tinggi
Tourism,17,9254,1,108.0,112.2,1,0,1,1,0,19,6,13,5,10.8,6,12,3,10.0,0.8352,Tinggi
Veterinary Nursing,44,9085,1,160.0,160.0,1,0,1,0,0,23,6,12,4,13.4,6,17,2,13.5,0.8343,Tinggi
Communication Design,16,9070,1,133.0,122.5,1,0,1,0,0,18,6,11,1,11.0,6,11,4,11.0,0.834,Tinggi
Basic Education,1,9853,1,163.0,146.6,1,1,1,0,0,18,6,9,5,13.6,6,10,4,11.75,0.8335,Tinggi
Veterinary Nursing,44,9085,1,130.0,130.0,1,0,1,0,0,22,6,12,5,12.8,6,19,2,11.5,0.8335,Tinggi
Nursing,39,9500,1,133.1,143.7,0,0,1,0,0,27,7,12,4,14.0,7,14,3,12.525,0.8332,Tinggi
Veterinary Nursing,1,9085,1,105.0,102.6,0,0,1,0,0,21,6,13,4,12.0,6,17,2,11.5,0.831,Tinggi
Veterinary Nursing,39,9085,1,130.0,110.0,0,0,1,0,1,25,6,13,3,11.666666666666666,6,14,2,11.333333333333334,0.8304,Tinggi
Informatics Engineering,43,9119,1,128.0,100.0,0,0,1,1,0,19,5,8,5,12.0,5,12,2,10.5,0.8272,Tinggi
Informatics Engineering,42,9119,1,136.0,117.5,0,0,1,1,0,19,5,6,4,11.8,5,7,2,11.5,0.8254,Tinggi
Informatics Engineering,1,9119,1,146.0,148.5,1,0,1,1,0,18,5,7,4,10.0,5,8,1,16.0,0.8239,Tinggi
Tourism,18,9254,1,118.0,123.3,1,0,1,1,0,26,6,10,4,10.0,6,11,3,12.0,0.8239,Tinggi
Tourism,17,9254,1,122.0,112.9,1,0,1,0,0,22,6,14,4,12.25,6,11,3,11.333333333333334,0.822,Tinggi
Veterinary Nursing,1,9085,1,101.0,98.9,1,0,1,0,0,21,6,12,4,12.5,6,13,2,12.666666666666666,0.8212,Tinggi
Management,43,9147,1,130.0,130.8,0,0,1,1,0,22,5,5,0,0.0,5,9,3,13.333333333333334,0.8205,Tinggi
Management,1,9147,1,117.0,120.2,1,0,1,0,0,20,5,9,2,10.0,5,10,2,11.0,0.819,Tinggi
Veterinary Nursing,44,9085,1,140.0,140.0,1,0,1,0,0,21,12,18,8,12.25,12,27,8,12.2,0.8186,Tinggi
Agronomy,44,9003,1,120.0,120.0,1,0,1,1,0,21,9,14,7,11.285714285714286,8,15,4,12.25,0.8151,Tinggi
Management (evening),1,9991,0,122.0,113.6,0,0,1,1,0,26,5,11,2,11.5,5,10,3,12.0,0.8142,Tinggi
Veterinary Nursing,17,9085,1,120.0,122.5,0,0,0,1,0,19,6,11,5,13.6,6,11,5,13.666666666666666,0.8136,Tinggi
Informatics Engineering,17,9119,1,142.0,127.3,0,0,1,1,0,18,5,10,3,11.0,5,6,3,11.0,0.8129,Tinggi
Management,17,9147,1,125.0,118.7,1,0,1,0,0,18,5,16,4,10.666666666666666,5,11,2,12.0,0.8127,Tinggi
Communication Design,43,9070,1,117.0,112.5,1,0,1,1,0,19,6,7,3,11.666666666666666,6,13,4,10.333333333333334,0.8109,Tinggi
Animation and Multimedia Design,1,171,1,133.1,117.0,0,1,1,1,0,19,0,0,0,0.0,0,0,0,0.0,0.8105,Tinggi
Informatics Engineering,17,9119,1,141.0,133.0,1,0,1,1,0,18,5,10,4,13.0,5,10,3,12.333333333333334,0.8104,Tinggi
Equinculture,1,9130,1,132.0,143.9,1,0,1,1,0,20,5,14,2,11.0,5,9,3,12.666666666666666,0.8101,Tinggi
Informatics Engineering,17,9119,1,138.0,123.3,1,1,1,1,0,18,5,9,4,12.5,5,11,5,11.285714285714286,0.8095,Tinggi
Journalism and Communication,1,9773,1,125.0,126.1,1,0,1,1,0,22,6,10,5,13.4,6,12,3,10.666666666666666,0.8079,Tinggi
Social Service,1,9238,1,135.0,121.0,0,0,1,0,0,21,6,11,5,11.2,6,15,1,10.0,0.8077,Tinggi
Tourism,17,9254,1,119.0,125.0,0,0,1,1,0,19,6,7,5,10.8,6,10,2,10.5,0.8076,Tinggi
Tourism,1,9254,1,123.0,117.8,0,0,1,1,0,19,6,10,4,12.75,6,12,2,13.0,0.8025,Tinggi
Basic Education,1,9853,1,121.0,120.0,1,0,1,0,0,18,6,10,3,12.0,6,8,4,10.25,0.8023,Tinggi
Communication Design,1,9070,1,124.0,132.1,1,0,1,0,0,19,6,10,2,10.5,6,6,3,11.0,0.8011,Tinggi
Informatics Engineering,1,9119,1,131.0,135.9,0,0,1,1,0,18,5,10,2,14.0,5,7,3,11.0,0.8007,Tinggi
Management,17,9147,1,147.0,142.8,1,1,0,0,1,19,5,5,5,12.8,5,5,4,12.0,0.7986,Tinggi
Informatics Engineering,17,9119,1,133.1,117.0,1,0,1,1,0,21,5,10,5,11.166666666666666,5,10,3,10.8,0.7958,Tinggi
Basic Education,5,9853,1,116.0,110.4,1,0,1,0,0,21,6,9,5,12.6,6,9,3,11.666666666666666,0.7953,Tinggi
Agronomy,39,9003,1,150.0,120.0,0,1,0,0,0,34,6,10,6,14.333333333333334,6,9,6,12.833333333333334,0.7946,Tinggi
Management,42,9147,1,139.0,112.3,1,0,1,0,0,19,5,8,2,11.5,5,10,3,10.857142857142858,0.7943,Tinggi
Veterinary Nursing,17,9085,1,138.0,126.8,1,0,1,0,0,18,5,12,2,11.5,5,12,3,11.8,0.7934,Tinggi
Journalism and Communication,1,9773,1,120.0,114.8,1,0,1,0,0,19,6,11,4,12.25,6,11,3,11.0,0.7921,Tinggi
Tourism,1,9254,1,133.1,125.0,0,0,1,1,0,21,6,10,5,11.333333333333334,6,14,2,11.5,0.7911,Tinggi
Basic Education,17,9853,1,138.0,124.7,1,0,1,0,0,18,6,11,3,12.333333333333334,6,10,5,10.833333333333334,0.7911,Tinggi
Veterinary Nursing,44,9085,1,140.0,140.0,1,0,1,0,0,21,6,16,5,12.666666666666666,6,15,2,13.5,0.7901,Tinggi
Equinculture,43,9130,1,120.0,120.0,0,1,1,0,0,21,5,9,5,13.2,5,7,2,12.5,0.7893,Tinggi
Veterinary Nursing,53,9085,1,140.0,140.0,1,1,1,0,0,21,9,10,8,13.25,9,14,5,12.2,0.7862,Tinggi
Management,17,9147,1,130.0,117.8,1,0,1,1,0,20,5,8,3,11.0,5,11,3,12.0,0.7859,Tinggi
Informatics Engineering,39,9119,1,130.0,149.0,1,0,1,1,0,33,5,10,4,12.0,5,8,3,13.666666666666666,0.7836,Tinggi
Informatics Engineering,44,9119,1,160.0,160.0,0,1,1,1,0,41,7,15,5,14.333333333333334,6,16,6,14.636363636363637,0.7821,Tinggi
Tourism,1,9254,1,121.0,125.9,1,0,1,0,0,22,6,10,4,10.0,6,12,2,13.5,0.7807,Tinggi
Veterinary Nursing,53,9085,1,140.0,144.9,1,1,0,0,0,23,11,18,11,13.166666666666666,9,15,8,13.333333333333334,0.7794,Tinggi
Agronomy,44,9003,1,150.0,150.0,0,0,1,1,0,22,6,12,3,13.333333333333334,6,12,3,12.75,0.7784,Tinggi
Informatics Engineering,17,9119,1,135.0,126.6,1,0,1,1,0,18,5,7,4,12.0,5,10,3,13.0,0.7765,Tinggi
Animation and Multimedia Design,1,171,1,135.0,143.8,1,1,1,0,0,19,0,0,0,0.0,0,0,0,0.0,0.7745,Tinggi
Basic Education,43,9853,1,118.0,110.0,1,0,1,0,0,20,6,10,4,12.25,6,8,4,11.5,0.7741,Tinggi
Journalism and Communication,1,9773,1,140.0,133.4,1,0,0,1,0,29,6,8,6,16.5,6,6,5,13.8,0.7733,Tinggi
Agronomy,44,9003,1,150.0,150.0,0,0,1,1,1,20,6,18,3,12.0,6,17,3,11.666666666666666,0.7719,Tinggi
Veterinary Nursing,39,9085,1,133.1,144.9,1,0,1,0,0,26,6,11,3,11.75,6,19,4,12.8,0.7711,Tinggi
Informatics Engineering,43,9119,1,146.0,100.0,0,0,1,1,0,18,5,9,4,12.25,5,11,3,11.666666666666666,0.7709,Tinggi
Journalism and Communication,1,9773,1,117.0,109.3,0,0,1,1,0,19,6,11,4,12.25,6,10,3,12.666666666666666,0.7703,Tinggi
Nursing,39,9500,1,120.0,100.0,0,0,1,1,0,34,7,15,6,11.333333333333334,7,16,4,12.6,0.7699,Tinggi
Management (evening),39,9991,0,162.0,132.0,0,1,1,1,0,25,5,8,4,11.0,5,7,4,12.0,0.7688,Tinggi
Basic Education,1,9853,1,142.0,132.6,0,0,1,0,0,18,6,8,5,12.8,6,14,3,10.0,0.7686,Tinggi
Veterinary Nursing,1,9085,1,101.0,101.0,1,1,1,0,0,22,6,9,5,13.333333333333334,6,17,4,11.4,0.7684,Tinggi
Tourism,17,9254,1,118.0,110.3,1,0,0,0,0,18,6,7,5,12.6,6,6,5,11.8,0.7678,Tinggi
Informatics Engineering,39,9119,1,130.0,137.0,1,0,1,1,0,28,5,11,4,10.5,5,12,4,11.0,0.765,Tinggi
Management,43,9147,1,123.0,113.2,0,0,1,0,0,21,10,18,6,11.166666666666666,10,16,7,10.571428571428571,0.7644,Tinggi
Management,1,9147,1,123.0,118.8,1,0,1,0,0,21,5,9,3,10.666666666666666,5,13,2,12.5,0.7635,Tinggi
Animation and Multimedia Design,17,171,1,125.0,117.0,1,0,1,1,0,22,0,0,0,0.0,0,0,0,0.0,0.7624,Tinggi
Equinculture,44,9130,1,140.0,140.0,0,0,1,1,0,20,6,12,5,12.4,6,11,2,15.0,0.7623,Tinggi
Management,1,9147,1,120.0,122.8,1,0,1,1,0,18,5,6,4,11.5,5,12,2,10.333333333333334,0.7606,Tinggi
Management (evening),17,9991,0,154.0,134.1,0,0,1,0,0,24,5,9,2,11.5,5,11,3,14.333333333333334,0.759,Tinggi
Journalism and Communication,18,9773,1,125.0,122.2,0,0,0,0,0,18,6,7,5,12.6,6,6,5,11.8,0.7534,Tinggi
Equinculture,39,9130,1,150.0,160.0,1,0,1,1,0,24,5,13,4,13.75,5,9,3,12.0,0.7505,Tinggi
Social Service,17,9238,1,130.0,130.0,1,0,1,0,0,20,6,8,4,11.25,6,15,3,10.0,0.7495,Tinggi
Management,1,9147,1,128.0,116.5,0,0,1,0,0,18,5,9,3,11.666666666666666,5,15,2,11.0,0.7481,Tinggi
Nursing,39,9500,1,133.1,121.4,0,1,1,0,0,28,7,12,4,13.375,7,7,5,13.5,0.7465,Tinggi
Management,15,9147,1,135.0,135.0,0,1,1,1,0,21,5,9,3,12.333333333333334,5,8,4,11.25,0.7432,Tinggi
Veterinary Nursing,1,9085,1,131.0,130.7,0,1,1,0,0,21,5,9,2,11.5,5,13,4,11.0,0.7431,Tinggi
Tourism,43,9254,1,135.0,122.1,0,0,1,1,0,19,6,14,3,12.5,6,9,4,11.0,0.743,Tinggi
Equinculture,39,9130,1,130.0,110.0,0,0,1,1,0,24,6,11,6,11.333333333333334,6,12,3,11.333333333333334,0.7398,Tinggi
Tourism,1,9254,1,125.0,121.5,1,0,1,1,0,18,6,12,5,11.0,6,11,3,10.333333333333334,0.7357,Tinggi
Tourism,1,9254,1,143.0,133.2,1,0,1,0,0,19,6,9,5,13.4,6,16,2,13.5,0.7357,Tinggi
Management,17,9147,1,130.0,122.0,1,0,1,1,0,20,5,8,2,10.5,5,11,4,12.25,0.732,Tinggi
Animation and Multimedia Design,16,171,1,145.0,155.0,1,0,1,0,0,24,17,19,11,12.909090909090908,13,15,9,13.555555555555555,0.729,Tinggi
Management (evening),39,9991,0,120.0,140.0,0,0,1,0,0,25,5,11,3,10.666666666666666,5,11,3,11.333333333333334,0.7288,Tinggi
Advertising and Marketing Management,1,9670,1,117.0,111.8,0,0,1,0,0,22,5,8,3,12.0,5,9,2,11.0,0.7255,Tinggi
Animation and Multimedia Design,43,171,1,120.0,120.0,1,0,1,1,0,22,0,0,0,0.0,0,0,0,0.0,0.7242,Tinggi
Social Service (evening),39,8014,0,100.0,108.3,0,0,1,1,0,39,6,8,5,11.4,6,12,3,11.0,0.724,Tinggi
Nursing,39,9500,1,120.0,125.3,0,1,1,1,0,30,7,12,4,14.4,7,9,6,13.5,0.7237,Tinggi
Management,1,9147,1,135.0,126.3,0,0,1,1,0,18,5,11,2,13.5,5,11,3,12.333333333333334,0.7231,Tinggi
Equinculture,1,9130,1,117.0,109.3,1,0,1,0,0,20,5,10,4,12.5,5,12,2,13.0,0.723,Tinggi
Management,1,9147,1,130.0,118.8,0,1,1,1,1,22,5,8,5,10.666666666666666,5,11,2,11.0,0.7218,Tinggi
Informatics Engineering,17,9119,1,135.0,121.7,1,0,1,1,0,18,5,7,5,11.8,5,9,3,12.0,0.7202,Tinggi
Management (evening),39,9991,0,140.0,130.0,0,1,1,0,0,25,5,10,4,11.25,5,9,4,12.0,0.7194,Tinggi
Management (evening),39,9991,0,130.0,127.8,0,0,1,1,0,37,5,7,4,10.75,5,7,3,11.333333333333334,0.7192,Tinggi
Management (evening),39,9991,0,160.0,114.3,0,0,1,1,0,40,5,9,3,11.0,5,8,4,12.5,0.7168,Tinggi
Informatics Engineering,17,9119,1,139.0,133.1,1,0,1,1,0,18,5,8,4,12.5,5,7,3,14.666666666666666,0.7161,Tinggi
Communication Design,16,9070,1,145.0,146.1,1,0,1,0,0,18,6,6,1,15.0,6,7,4,12.5,0.7107,Tinggi
Basic Education,17,9853,1,141.0,130.2,1,0,1,0,0,19,6,8,5,11.4,6,7,4,10.75,0.7105,Tinggi
Veterinary Nursing,44,9085,1,140.0,140.0,1,0,1,0,0,20,6,11,5,14.2,6,12,2,13.5,0.7096,Tinggi
Management (evening),42,9991,0,130.0,130.0,0,0,1,1,0,27,2,2,2,12.5,5,6,2,12.5,0.7085,Tinggi
Journalism and Communication,43,9773,1,140.0,116.9,0,0,1,1,0,32,11,15,7,11.285714285714286,7,10,6,12.333333333333334,0.7023,Tinggi
Management (evening),51,9991,0,120.0,128.2,0,1,1,1,0,24,10,15,7,10.714285714285714,10,11,9,12.555555555555555,0.7022,Tinggi
Agronomy,53,9003,1,130.0,130.0,0,1,1,1,0,21,12,20,10,11.8,12,15,9,11.444444444444445,0.7019,Tinggi
Advertising and Marketing Management,17,9670,1,140.0,133.4,0,0,1,1,0,24,6,6,4,11.25,6,9,4,10.428571428571429,0.7015,Tinggi
Basic Education,5,9853,1,122.0,112.6,1,0,1,0,0,22,6,10,5,12.6,6,9,4,11.25,0.7009,Tinggi
Nursing,43,9500,1,130.0,103.7,0,0,1,0,0,38,8,12,5,13.126,8,12,5,13.126,0.6987,Tinggi
Management,7,9147,1,120.0,120.0,0,0,1,0,0,33,8,9,5,12.6,7,13,5,11.25,0.696,Tinggi
Management,42,9147,1,130.0,130.0,1,0,1,0,0,26,5,5,4,13.0,5,7,2,12.0,0.6921,Tinggi
Basic Education,1,9853,1,110.0,114.3,1,0,1,1,0,42,6,9,5,12.4,6,10,5,11.8,0.6911,Tinggi
Social Service (evening),39,8014,0,100.0,111.0,1,0,1,0,1,26,6,10,3,12.333333333333334,6,14,3,11.666666666666666,0.6899,Tinggi
Management,5,9147,1,126.0,117.3,1,0,1,0,0,19,5,15,3,10.8,5,6,3,10.5,0.6898,Tinggi
Advertising and Marketing Management,43,9670,1,132.0,120.5,0,0,1,1,0,19,6,17,4,12.5,6,8,4,13.25,0.6893,Tinggi
Social Service,1,9238,1,135.0,121.0,0,0,1,0,0,19,6,13,3,10.333333333333334,6,12,3,10.333333333333334,0.6892,Tinggi
Management,17,9147,1,120.0,113.4,0,0,1,0,0,20,5,11,3,10.333333333333334,5,10,3,10.666666666666666,0.6891,Tinggi
Management,17,9147,1,118.0,118.4,1,0,1,1,0,19,5,10,2,10.5,5,5,4,11.75,0.6885,Tinggi
Communication Design,53,9070,1,130.0,130.0,1,0,0,0,1,22,6,8,6,11.0,6,10,4,12.0,0.6884,Tinggi
Informatics Engineering,1,9119,1,131.0,126.8,0,0,0,1,1,18,5,6,5,12.2,5,8,4,12.0,0.6857,Tinggi
Agronomy,42,9003,1,140.0,140.0,1,0,1,1,0,25,6,14,5,11.666666666666666,6,11,4,12.0,0.6826,Tinggi
Basic Education,1,9853,1,160.0,146.0,1,0,1,0,0,19,6,11,3,10.333333333333334,6,10,5,11.8,0.682,Tinggi
Management (evening),39,9991,0,130.0,130.1,0,0,1,0,0,25,5,8,3,11.0,5,8,3,11.25,0.6817,Tinggi
Tourism,17,9254,1,121.0,123.1,1,0,1,1,0,21,6,11,6,11.166666666666666,6,14,3,14.666666666666666,0.6815,Tinggi
Communication Design,1,9070,1,132.0,136.6,1,0,1,1,0,19,6,7,5,11.4,6,10,3,11.0,0.6773,Tinggi
Basic Education,17,9853,1,150.0,132.5,1,0,1,0,0,22,6,9,4,12.25,6,8,5,11.6,0.676,Tinggi
Social Service,1,9238,1,135.0,121.7,1,0,1,0,1,18,6,14,0,0.0,6,9,4,11.0,0.6756,Tinggi
Social Service,1,9238,1,125.0,118.7,0,0,1,1,0,20,6,12,4,11.75,6,13,3,11.333333333333334,0.675,Tinggi
Animation and Multimedia Design,5,171,1,137.0,144.7,1,0,1,1,0,20,0,0,0,0.0,0,0,0,0.0,0.6747,Tinggi
Management (evening),39,9991,0,150.0,120.0,0,0,1,0,0,43,5,11,3,10.666666666666666,5,10,4,12.5,0.674,Tinggi
Agronomy,44,9003,1,140.0,140.0,0,0,1,0,0,19,6,18,3,11.666666666666666,6,14,4,11.5,0.672,Tinggi
Agronomy,44,9003,1,140.0,140.0,0,0,1,1,0,21,6,13,4,11.75,6,15,4,10.5,0.671,Tinggi
Journalism and Communication,1,9773,1,127.0,121.8,1,0,1,0,1,20,6,11,4,14.0,6,12,3,11.0,0.6706,Tinggi
Tourism,17,9254,1,127.0,123.5,1,0,1,0,1,20,6,11,4,11.5,6,12,3,11.0,0.6699,Tinggi
Management,17,9147,1,133.1,109.0,1,0,1,1,1,22,5,7,3,12.333333333333334,5,9,3,10.571428571428571,0.6692,Tinggi
Veterinary Nursing,1,9085,1,127.0,122.8,1,0,1,0,0,19,5,10,2,14.5,5,9,3,11.333333333333334,0.6689,Tinggi
Animation and Multimedia Design,43,171,1,144.0,121.6,0,0,1,1,0,22,0,0,0,0.0,0,0,0,0.0,0.6686,Tinggi
Veterinary Nursing,43,9085,1,127.0,100.0,0,0,1,0,0,21,6,11,4,11.75,6,12,3,13.666666666666666,0.667,Tinggi
Veterinary Nursing,1,9085,1,120.0,113.4,0,0,1,0,0,18,6,14,4,11.5,6,17,3,13.75,0.6667,Tinggi
Veterinary Nursing,1,9085,1,118.0,112.4,1,0,1,1,0,21,5,7,4,11.5,5,15,3,10.6,0.6657,Tinggi
Informatics Engineering,39,9119,1,120.0,146.8,0,0,1,1,0,25,5,6,5,14.2,5,5,2,13.5,0.6653,Tinggi
Management (evening),39,9991,0,120.0,170.0,0,0,1,0,0,34,5,12,2,11.5,5,9,4,11.75,0.6617,Tinggi
Basic Education,17,9853,1,125.0,116.6,1,0,0,0,1,18,7,7,7,12.285714285714286,7,8,6,13.333333333333334,0.6607,Tinggi
Animation and Multimedia Design,1,171,1,124.0,121.2,1,0,1,1,0,20,0,0,0,0.0,0,0,0,0.0,0.6597,Tinggi
Nursing,1,9500,1,124.0,117.5,1,0,1,1,0,19,8,10,5,12.858,8,10,5,12.858,0.6596,Tinggi
Informatics Engineering,15,9119,1,130.0,137.0,1,0,1,1,0,19,5,9,5,14.0,5,11,3,13.25,0.6577,Tinggi
Management,1,9147,1,122.0,116.4,0,0,1,1,0,21,5,10,3,11.25,5,9,3,11.0,0.6553,Tinggi
Veterinary Nursing,17,9085,1,130.0,121.3,1,0,1,0,0,21,5,14,2,13.0,5,8,4,12.0,0.6549,Tinggi
Management,18,9147,1,100.0,101.8,1,0,1,0,0,24,5,5,5,10.8,5,11,2,11.0,0.6545,Tinggi
Animation and Multimedia Design,1,171,1,124.0,118.4,1,0,1,1,0,18,0,0,0,0.0,0,0,0,0.0,0.6536,Tinggi
Nursing,1,9500,1,140.0,133.8,1,0,1,0,0,17,8,14,5,12.46,8,14,5,12.46,0.6526,Tinggi
Oral Hygiene,43,9556,1,147.0,100.0,0,0,1,0,0,18,2,2,0,0.0,4,4,1,16.0,0.6517,Tinggi
Social Service,1,9238,1,133.1,100.0,1,0,1,1,0,22,6,6,4,11.25,6,7,3,11.0,0.6504,Tinggi
Management,43,9147,1,123.0,110.0,0,0,1,1,0,25,5,12,3,11.0,5,12,4,11.5,0.6472,Tinggi
Animation and Multimedia Design,17,171,1,133.0,134.8,1,0,1,0,0,18,0,0,0,0.0,0,0,0,0.0,0.6463,Tinggi
Oral Hygiene,39,9556,1,130.0,159.0,1,0,1,0,0,25,7,11,7,11.857142857142858,8,21,5,11.7,0.6427,Tinggi
Journalism and Communication,1,9773,1,127.0,122.8,1,0,1,1,0,20,6,7,6,12.166666666666666,6,9,3,12.0,0.6404,Tinggi
Animation and Multimedia Design,17,171,1,125.0,143.9,1,0,1,0,0,20,0,0,0,0.0,0,0,0,0.0,0.6403,Tinggi
Veterinary Nursing,44,9085,1,150.0,150.0,1,0,1,0,0,19,5,10,1,13.0,5,8,3,15.333333333333334,0.64,Tinggi
Animation and Multimedia Design,17,171,1,137.0,143.3,1,0,1,0,0,18,0,0,0,0.0,0,0,0,0.0,0.6393,Tinggi
Management,18,9147,1,115.0,108.7,1,0,1,0,0,21,5,8,3,12.0,5,9,3,12.666666666666666,0.6392,Tinggi
Social Service,17,9238,1,154.0,140.4,1,0,1,0,1,20,6,13,2,10.0,6,12,4,10.75,0.6356,Tinggi
Veterinary Nursing,1,9085,1,126.0,123.9,1,0,1,0,0,19,6,13,4,11.8,6,18,4,12.2,0.6345,Tinggi
Nursing,42,9500,1,100.0,153.0,0,0,1,1,0,22,6,7,3,14.5,7,8,4,14.375,0.6343,Tinggi
Animation and Multimedia Design,1,171,1,127.0,133.5,1,0,1,1,0,17,0,0,0,0.0,0,0,0,0.0,0.6339,Tinggi
Animation and Multimedia Design,1,171,1,134.0,141.7,1,0,1,1,0,18,0,0,0,0.0,0,0,0,0.0,0.6338,Tinggi
Management,17,9147,1,112.0,107.8,1,0,1,0,0,19,5,7,3,10.333333333333334,5,11,3,14.428571428571429,0.6328,Tinggi
Management (evening),39,9991,0,130.0,145.6,0,0,1,1,0,34,5,10,4,11.75,5,10,4,10.833333333333334,0.6301,Tinggi
Management,39,9147,1,133.1,134.8,0,0,1,0,0,24,5,12,2,10.5,5,9,4,10.0,0.6281,Tinggi
Journalism and Communication,1,9773,1,122.0,126.9,1,0,1,0,1,19,6,11,4,11.0,6,11,3,11.666666666666666,0.6279,Tinggi
Informatics Engineering,1,9119,1,126.0,122.5,1,0,1,1,0,20,5,7,5,10.8,5,9,3,12.0,0.6267,Tinggi
Informatics Engineering,17,9119,1,126.0,122.9,1,0,1,1,0,21,5,10,4,13.2,5,7,4,14.25,0.6265,Tinggi
Veterinary Nursing,44,9085,1,150.0,150.0,0,0,1,0,0,20,6,8,6,13.0,6,18,2,12.0,0.6264,Tinggi
Management,1,9147,1,129.0,121.0,1,0,1,0,0,18,5,8,2,10.5,5,7,3,12.333333333333334,0.6246,Tinggi
Social Service (evening),43,8014,0,148.0,134.7,0,0,1,0,0,23,13,15,9,11.0,11,12,7,11.571428571428571,0.6201,Tinggi
Nursing,43,9500,1,127.0,121.1,0,0,1,0,1,18,7,11,5,12.16,7,7,2,13.4,0.6185,Tinggi
Communication Design,17,9070,1,152.0,134.2,1,0,1,1,0,20,6,7,5,11.8,6,9,4,12.0,0.6167,Tinggi
Management,43,9147,1,142.0,115.0,0,0,1,0,0,19,5,11,5,11.5,5,9,2,10.666666666666666,0.6154,Tinggi
Basic Education,18,9853,1,133.1,106.0,1,1,1,0,0,21,7,7,7,13.0,7,8,6,12.5,0.6145,Tinggi
Advertising and Marketing Management,43,9670,1,141.0,133.3,1,0,1,1,0,18,6,13,4,13.75,6,8,5,11.2,0.6139,Tinggi
Veterinary Nursing,39,9085,1,133.1,148.2,1,1,1,0,0,27,6,11,6,12.125,6,16,5,12.0,0.6139,Tinggi
Management,1,9147,1,113.0,107.4,1,0,1,1,0,20,5,12,3,10.5,5,10,4,11.25,0.6136,Tinggi
Basic Education,1,9853,1,117.0,109.7,1,0,1,0,0,19,6,9,5,12.2,6,10,4,13.0,0.6121,Tinggi
Management,17,9147,1,126.0,116.9,0,0,1,1,1,19,5,12,3,11.666666666666666,5,10,3,11.666666666666666,0.6088,Tinggi
Social Service,1,9238,1,125.0,114.9,1,1,1,0,1,19,6,9,5,11.4,6,9,3,10.0,0.6076,Tinggi
Management,43,9147,1,131.0,126.1,0,0,1,0,0,18,5,5,0,0.0,5,9,4,13.25,0.6057,Tinggi
Management,1,9147,1,130.0,117.8,0,0,1,0,0,18,5,8,2,10.0,5,9,3,11.333333333333334,0.6047,Tinggi
Veterinary Nursing,17,9085,1,138.0,123.3,1,0,1,0,0,19,5,15,3,14.0,5,10,4,11.75,0.6033,Tinggi
Animation and Multimedia Design,17,171,1,133.0,126.0,1,0,1,1,1,19,0,0,0,0.0,0,0,0,0.0,0.5976,Tinggi
Management (evening),39,9991,0,133.1,150.0,0,0,1,1,0,47,5,8,4,10.0,5,8,4,12.5,0.5968,Tinggi
Basic Education,17,9853,1,126.0,126.0,1,0,1,0,0,19,6,9,5,13.0,6,8,5,10.4,0.5967,Tinggi
Animation and Multimedia Design,17,171,1,144.0,129.3,1,0,1,1,1,18,0,0,0,0.0,0,0,0,0.0,0.5962,Tinggi
Agronomy,44,9003,1,130.0,130.0,0,0,1,1,0,20,6,12,4,10.8,6,13,4,12.0,0.5959,Tinggi
Social Service,1,9238,1,125.0,122.6,1,0,1,0,0,18,6,9,5,11.833333333333334,6,8,2,11.5,0.595,Tinggi
Social Service,1,9238,1,157.0,136.7,1,0,1,0,0,22,6,11,4,12.5,6,13,3,13.666666666666666,0.5919,Tinggi
Animation and Multimedia Design,44,171,1,140.0,140.0,0,0,1,1,0,21,0,0,0,0.0,0,0,0,0.0,0.5916,Tinggi
Nursing,39,9500,1,150.0,140.0,0,0,1,0,0,26,7,11,5,11.2,8,13,5,12.14,0.5892,Tinggi
Management,1,9147,1,128.0,120.3,0,0,1,1,0,19,5,9,5,10.8,5,13,2,13.5,0.5891,Tinggi
Veterinary Nursing,17,9085,1,123.0,118.9,0,0,1,1,0,18,5,5,3,14.0,5,7,3,12.666666666666666,0.584,Tinggi
Management,17,9147,1,112.0,112.0,1,0,1,0,0,20,5,10,3,10.333333333333334,5,9,4,11.0,0.5828,Tinggi
Basic Education,17,9853,1,112.0,106.1,1,0,1,0,0,19,6,8,5,12.333333333333334,6,8,5,11.0,0.5828,Tinggi
Basic Education,17,9853,1,114.0,108.8,1,0,1,0,0,18,7,11,5,11.4,7,9,6,13.333333333333334,0.5796,Tinggi
Basic Education,17,9853,1,134.0,122.5,1,0,1,0,0,22,6,10,5,13.166666666666666,6,8,5,12.4,0.5794,Tinggi
Management,1,9147,1,117.0,118.4,0,0,1,1,0,20,5,8,5,10.0,5,10,2,12.0,0.5772,Tinggi
Veterinary Nursing,44,9085,1,130.0,130.0,1,0,1,0,0,20,6,13,5,11.8,6,19,4,12.0,0.5766,Tinggi
Management,17,9147,1,123.0,115.3,1,0,1,0,1,18,5,9,3,13.0,5,11,3,11.0,0.5765,Tinggi
Social Service,43,9238,1,110.0,110.0,0,0,1,0,0,36,16,24,13,10.692307692307692,13,19,9,12.307692307692308,0.5757,Tinggi
Tourism,17,9254,1,115.0,109.8,1,0,1,0,0,19,6,8,4,11.25,6,8,4,12.0,0.5751,Tinggi
Management (evening),39,9991,0,150.0,146.2,0,0,1,0,0,30,5,11,3,10.333333333333334,5,10,4,12.8,0.5743,Tinggi
Informatics Engineering,15,9119,1,133.1,100.0,0,1,1,1,0,24,8,8,7,13.142857142857142,6,8,6,11.833333333333334,0.5739,Tinggi
Veterinary Nursing,39,9085,1,130.0,120.0,0,0,0,0,0,26,6,8,6,15.428571428571429,6,7,5,14.5,0.5731,Tinggi
Basic Education,1,9853,1,133.0,126.7,1,0,1,0,0,18,6,9,5,11.833333333333334,6,6,4,12.0,0.5717,Tinggi
Equinculture,17,9130,1,137.0,130.0,1,0,1,0,0,21,6,12,5,13.6,6,10,4,14.25,0.5712,Tinggi
Advertising and Marketing Management,1,9670,1,119.0,115.5,1,0,1,0,0,19,6,8,4,11.0,6,9,4,11.0,0.5705,Tinggi
Management,1,9147,1,134.0,134.7,0,0,1,1,0,22,5,10,4,11.75,5,10,3,11.0,0.5699,Tinggi
Tourism,17,9254,1,118.0,121.2,0,0,1,1,1,18,6,12,3,10.666666666666666,6,9,4,12.0,0.5678,Tinggi
Management (evening),43,9991,0,140.0,117.3,0,0,1,0,0,28,10,15,6,10.666666666666666,10,17,9,11.333333333333334,0.5648,Tinggi
Veterinary Nursing,43,9085,1,170.0,170.0,1,0,1,0,0,19,5,5,0,0.0,5,7,4,14.75,0.5647,Tinggi
Agronomy,39,9003,1,140.0,135.4,1,0,1,0,0,24,6,10,5,11.8,6,13,4,11.25,0.5641,Tinggi
Communication Design,51,9070,1,133.1,106.6,0,1,1,0,0,31,6,8,5,11.0,6,12,6,10.166666666666666,0.5622,Tinggi
Communication Design,43,9070,1,160.0,100.0,0,0,1,1,0,38,6,9,5,16.0,6,11,4,16.5,0.5616,Tinggi
Advertising and Marketing Management,1,9670,1,120.0,111.3,1,0,1,1,0,19,5,7,3,11.333333333333334,5,7,4,11.0,0.5614,Tinggi
Advertising and Marketing Management,43,9670,1,151.0,100.0,0,1,1,0,0,20,6,12,5,12.2,6,8,5,14.6,0.5596,Tinggi
Social Service (evening),43,8014,0,133.1,106.0,1,0,1,0,0,48,6,9,5,13.0,6,10,4,12.5,0.5594,Tinggi
Animation and Multimedia Design,1,171,1,125.0,115.2,1,0,1,0,0,18,0,0,0,0.0,0,0,0,0.0,0.559,Tinggi
Animation and Multimedia Design,1,171,1,136.0,121.7,1,0,1,0,0,18,0,0,0,0.0,0,0,0,0.0,0.5587,Tinggi
Nursing,39,9500,1,133.1,109.0,1,0,1,0,0,39,7,8,5,12.16,7,8,5,12.16,0.5561,Tinggi
Agronomy,53,9003,1,130.0,130.0,1,1,1,1,0,20,12,16,11,12.545454545454543,10,12,8,11.625,0.5543,Tinggi
Veterinary Nursing,17,9085,1,123.0,113.6,1,0,1,0,0,19,5,13,3,12.0,5,8,4,11.75,0.5539,Tinggi
Tourism,44,9254,1,170.0,170.0,0,0,0,1,0,26,8,14,8,15.125,6,12,6,13.666666666666666,0.5531,Tinggi
Social Service,17,9238,1,126.0,116.9,1,0,1,0,0,21,6,11,6,10.375,6,12,3,11.666666666666666,0.5519,Tinggi
Advertising and Marketing Management,17,9670,1,123.0,122.0,0,1,1,1,0,19,6,7,6,13.166666666666666,6,9,5,13.2,0.5508,Tinggi
Advertising and Marketing Management,17,9670,1,155.0,134.7,1,0,1,0,0,20,6,8,5,13.4,6,10,4,13.0,0.5507,Tinggi
Veterinary Nursing,44,9085,1,150.0,150.0,1,0,1,0,0,23,6,11,4,11.5,6,12,4,12.2,0.5506,Tinggi
Management,17,9147,1,129.0,128.3,1,0,1,0,0,19,5,10,3,11.0,5,9,4,11.75,0.5495,Tinggi
Veterinary Nursing,5,9085,1,141.0,128.8,1,0,1,0,0,19,5,9,3,10.333333333333334,5,8,3,13.0,0.5476,Tinggi
Veterinary Nursing,1,9085,1,130.0,129.0,0,0,1,0,0,20,5,7,4,11.75,5,9,2,10.5,0.5476,Tinggi
Management,17,9147,1,110.0,99.0,0,0,1,1,0,21,5,5,5,11.0,5,11,3,11.428571428571429,0.5472,Tinggi
Social Service (evening),39,8014,0,120.0,106.8,0,0,1,0,0,49,6,9,5,12.333333333333334,6,12,4,11.5,0.5453,Tinggi
Nursing,15,9500,1,190.0,190.0,1,0,1,0,0,18,7,15,4,11.575,7,10,5,12.419999999999998,0.5444,Tinggi
Social Service,1,9238,1,107.0,103.5,1,0,1,0,0,20,6,13,3,11.2,6,9,4,12.0,0.5425,Tinggi
Animation and Multimedia Design,1,171,1,131.0,132.8,1,0,1,0,0,18,0,0,0,0.0,0,0,0,0.0,0.5418,Tinggi
Animation and Multimedia Design,1,171,1,140.0,138.3,1,0,1,0,0,18,0,0,0,0.0,0,0,0,0.0,0.5414,Tinggi
Advertising and Marketing Management,1,9670,1,119.0,119.7,1,0,1,0,0,20,5,6,3,13.0,5,7,3,13.0,0.5408,Tinggi
Management (evening),39,9991,0,120.0,123.2,0,0,1,0,0,27,5,9,3,10.666666666666666,5,7,4,11.4,0.5396,Tinggi
Veterinary Nursing,39,9085,1,130.0,130.0,1,0,1,0,0,28,5,13,4,11.25,5,11,4,10.5,0.5391,Tinggi
Social Service,17,9238,1,132.0,123.6,1,0,1,0,0,18,6,9,4,11.5,6,10,4,10.75,0.539,Tinggi
Animation and Multimedia Design,1,171,1,147.0,145.3,1,0,1,0,0,18,0,0,0,0.0,0,0,0,0.0,0.5377,Tinggi
Veterinary Nursing,44,9085,1,140.0,140.0,0,0,1,0,0,20,6,9,6,12.666666666666666,6,12,2,13.0,0.5368,Tinggi
Veterinary Nursing,44,9085,1,140.0,140.0,1,0,1,0,0,19,6,10,5,12.666666666666666,6,19,4,11.75,0.5366,Tinggi
Management,51,9147,1,130.0,115.7,0,0,1,1,0,20,5,7,5,11.0,5,7,3,10.0,0.5341,Tinggi
Agronomy,42,9003,1,140.0,140.0,1,0,1,1,0,23,6,14,5,12.0,6,12,5,12.142857142857142,0.534,Tinggi
Basic Education,18,9853,1,123.0,123.7,1,0,1,0,0,19,6,8,5,12.666666666666666,6,8,5,11.0,0.5317,Tinggi
Animation and Multimedia Design,1,171,1,136.0,152.5,1,0,1,0,0,20,0,0,0,0.0,0,0,0,0.0,0.5314,Tinggi
Animation and Multimedia Design,1,171,1,125.0,136.2,1,1,1,1,0,21,12,12,11,11.545454545454543,11,18,9,11.7,0.5306,Tinggi
Animation and Multimedia Design,43,171,1,133.0,133.0,0,0,1,0,0,18,0,0,0,0.0,0,0,0,0.0,0.5293,Tinggi
Tourism,39,9254,1,133.1,119.3,1,0,1,1,0,25,6,7,6,11.166666666666666,6,11,4,11.8,0.5292,Tinggi
Management,17,9147,1,127.0,124.6,1,0,1,0,1,19,5,12,2,10.0,5,11,4,11.75,0.5281,Tinggi
Animation and Multimedia Design,1,171,1,165.0,163.6,1,0,1,0,0,18,0,0,0,0.0,0,0,0,0.0,0.5279,Tinggi
Management (evening),39,9991,0,110.0,127.1,0,0,1,0,0,34,5,9,4,11.0,5,10,4,10.75,0.5277,Tinggi
Management (evening),39,9991,0,133.1,127.7,0,0,1,0,0,25,5,12,4,12.5,5,10,4,11.0,0.5273,Tinggi
Nursing,1,9500,1,135.0,135.4,1,0,1,1,0,21,7,9,6,12.565,8,12,5,12.16,0.5271,Tinggi
Veterinary Nursing,44,9085,1,130.0,130.0,1,0,1,0,0,21,6,13,3,11.75,6,13,5,12.333333333333334,0.5238,Tinggi
Social Service,43,9238,1,122.0,114.3,1,0,1,0,0,22,10,15,8,11.0,7,16,5,11.2,0.5233,Tinggi
Basic Education,17,9853,1,118.0,121.2,1,0,1,0,0,18,6,8,5,13.4,6,7,5,12.0,0.5227,Tinggi
Tourism,1,9254,1,154.0,137.2,0,0,1,1,0,20,6,12,3,10.0,6,9,5,10.8,0.5223,Tinggi
Social Service,17,9238,1,130.0,122.0,1,0,1,0,1,21,6,8,1,10.0,6,13,5,11.4,0.5221,Tinggi
Informatics Engineering,1,9119,1,126.0,130.2,0,0,1,1,0,19,5,7,5,10.2,5,8,3,12.0,0.5205,Tinggi
Nursing,1,9500,1,106.0,102.2,1,1,1,1,0,20,7,7,7,12.401428571428571,8,10,6,11.808333333333332,0.5203,Tinggi
Equinculture,1,9130,1,130.0,117.6,0,0,1,1,0,19,5,14,2,11.5,5,8,5,11.4,0.5151,Tinggi
Management (evening),39,9991,0,100.0,140.0,0,0,1,1,0,39,5,7,4,12.25,5,7,4,12.75,0.5132,Tinggi
Veterinary Nursing,1,9085,1,133.1,115.0,1,0,1,0,0,21,5,8,3,11.333333333333334,5,8,3,13.333333333333334,0.5112,Tinggi
Social Service (evening),39,8014,0,133.1,100.0,0,1,1,0,0,37,8,12,7,11.375,7,10,6,12.166666666666666,0.5093,Tinggi
Management,1,9147,1,138.0,131.0,1,0,1,0,0,19,5,9,4,11.0,5,8,3,10.666666666666666,0.5086,Tinggi
Advertising and Marketing Management,1,9670,1,127.0,118.3,1,0,1,0,0,18,6,7,6,12.333333333333334,6,10,3,12.0,0.5086,Tinggi
Management,1,9147,1,133.0,121.8,0,0,1,1,0,20,5,9,4,10.2,5,6,3,11.0,0.5082,Tinggi
Agronomy,44,9003,1,130.0,130.0,1,0,1,1,0,20,6,12,4,11.6,6,11,5,11.5,0.5073,Tinggi
Basic Education,1,9853,1,120.0,115.1,0,0,1,0,1,18,6,11,4,12.0,6,8,4,10.75,0.5064,Tinggi
Social Service (evening),39,8014,0,140.0,105.0,0,0,1,0,0,26,6,14,3,10.666666666666666,6,9,5,11.2,0.5063,Tinggi
Advertising and Marketing Management,43,9670,1,142.0,138.5,1,0,1,1,0,18,6,16,5,13.8,6,7,5,12.4,0.5054,Tinggi
Management,17,9147,1,120.0,124.2,1,0,1,1,0,18,5,13,5,12.0,5,9,4,11.4,0.504,Tinggi
Management,39,9147,1,120.0,124.6,0,0,1,0,0,36,5,8,3,11.0,5,12,4,13.375,0.4989,Sedang
Management,7,9147,1,110.0,110.0,0,0,1,0,0,33,8,10,6,12.833333333333334,5,8,4,12.0,0.4957,Sedang
Advertising and Marketing Management,1,9670,1,121.0,122.4,1,0,1,1,0,19,5,7,3,11.666666666666666,5,5,4,12.0,0.4937,Sedang
Basic Education,1,9853,1,123.0,121.6,1,0,1,0,0,18,7,12,5,12.0,7,9,6,12.666666666666666,0.4918,Sedang
Veterinary Nursing,1,9085,1,129.0,125.9,1,0,1,0,0,19,5,13,4,12.0,5,8,3,12.0,0.4884,Sedang
Management (evening),39,9991,0,150.0,138.5,0,0,1,0,0,26,5,10,4,12.0,5,9,4,11.25,0.4857,Sedang
Advertising and Marketing Management,17,9670,1,110.0,111.3,0,0,1,1,0,21,6,10,6,12.285714285714286,6,11,4,14.25,0.4853,Sedang
Informatics Engineering,1,9119,1,121.0,114.0,0,0,1,1,0,20,5,9,4,11.6,5,7,4,12.25,0.4841,Sedang
Advertising and Marketing Management,39,9670,1,100.0,100.0,0,0,1,0,0,35,5,8,5,11.4,5,7,3,12.333333333333334,0.4841,Sedang
Animation and Multimedia Design,17,171,1,141.0,136.1,1,0,1,0,1,18,0,0,0,0.0,0,0,0,0.0,0.4829,Sedang
Social Service (evening),39,8014,0,140.0,172.0,0,0,1,1,0,44,11,21,9,12.333333333333334,11,16,9,11.0,0.4825,Sedang
Informatics Engineering,39,9119,1,133.1,123.0,0,0,1,1,1,28,5,16,3,14.333333333333334,5,9,5,12.428571428571429,0.4807,Sedang
Biofuel Production Technologies,15,33,1,133.1,100.0,0,0,1,1,0,20,7,10,7,12.857142857142858,7,7,4,12.75,0.4804,Sedang
Journalism and Communication,1,9773,1,135.0,136.1,1,0,1,1,0,19,6,9,5,11.4,6,13,5,12.4,0.4782,Sedang
Animation and Multimedia Design,16,171,1,158.0,164.3,1,0,1,1,1,18,0,0,0,0.0,0,0,0,0.0,0.4776,Sedang
Basic Education,1,9853,1,122.0,112.6,1,0,1,0,0,23,6,8,5,13.6,6,8,5,11.6,0.4765,Sedang
Management,1,9147,1,130.0,131.8,1,0,1,0,1,19,5,8,2,10.5,5,11,3,13.333333333333334,0.4752,Sedang
Management,39,9147,1,140.0,108.0,0,0,1,0,0,50,5,12,3,13.333333333333334,5,8,5,12.2,0.4747,Sedang
Nursing,39,9500,1,130.0,163.7,0,0,1,0,0,35,7,11,5,13.34,7,9,5,10.84,0.4733,Sedang
Basic Education,16,9853,1,134.0,121.1,1,0,1,0,0,19,6,8,5,12.2,6,8,5,11.8,0.4718,Sedang
Informatics Engineering,1,9119,1,117.0,111.1,0,0,1,1,1,19,5,10,5,11.8,5,12,3,11.5,0.4715,Sedang
Agronomy,44,9003,1,150.0,150.0,0,0,1,1,0,21,6,15,5,11.857142857142858,6,17,5,10.571428571428571,0.4712,Sedang
Basic Education,1,9853,1,129.0,126.9,1,0,1,0,1,19,6,9,5,12.2,6,10,4,11.5,0.4711,Sedang
Basic Education,1,9853,1,127.0,137.2,1,0,1,0,0,18,6,7,6,12.166666666666666,6,10,4,12.75,0.4696,Sedang
Nursing,1,9500,1,133.0,126.7,0,0,1,0,0,19,7,12,4,12.45,7,11,5,11.7,0.4667,Sedang
Nursing,1,9500,1,120.0,114.8,1,0,1,0,0,21,7,11,4,13.25,7,9,5,13.82,0.4646,Sedang
Management,1,9147,1,120.0,111.6,0,1,1,1,1,21,5,5,5,12.6,5,9,3,12.833333333333334,0.463,Sedang
Basic Education,1,9853,1,132.0,125.0,1,0,1,0,0,18,6,9,5,12.6,6,8,5,11.4,0.4608,Sedang
Equinculture,44,9130,1,130.0,130.0,1,0,1,0,1,20,6,11,4,12.0,6,9,4,10.75,0.4606,Sedang
Veterinary Nursing,1,9085,1,133.0,119.7,1,0,1,0,0,21,5,13,5,12.2,5,10,3,11.333333333333334,0.4599,Sedang
Tourism,17,9254,1,120.0,125.5,0,0,1,1,0,18,5,6,5,12.0,5,8,3,11.333333333333334,0.4594,Sedang
Social Service (evening),39,8014,0,120.0,119.5,0,1,1,0,0,25,6,6,6,11.333333333333334,6,6,4,11.75,0.4585,Sedang
Informatics Engineering,1,9119,1,148.0,129.8,0,0,0,1,1,18,5,6,5,15.0,5,6,5,14.2,0.458,Sedang
Communication Design,51,9070,1,117.0,120.0,1,0,1,0,0,21,6,7,5,12.2,6,7,4,12.6,0.458,Sedang
Social Service,17,9238,1,138.0,133.5,1,0,1,0,1,21,6,8,3,10.2,6,13,4,12.25,0.4571,Sedang
Management,1,9147,1,128.0,121.0,1,1,1,1,0,20,5,6,5,13.2,5,10,5,11.4,0.4565,Sedang
Advertising and Marketing Management,17,9670,1,128.0,135.7,1,0,1,1,0,19,6,7,5,13.2,6,10,5,13.25,0.4537,Sedang
Management (evening),39,9991,0,133.1,130.4,0,0,1,0,0,30,5,10,3,10.666666666666666,5,8,5,10.4,0.4523,Sedang
Basic Education,1,9853,1,145.0,142.2,0,0,1,0,0,19,6,9,4,12.5,6,9,5,12.5,0.4515,Sedang
Animation and Multimedia Design,17,171,1,145.0,143.6,0,1,1,1,0,19,12,12,10,12.7,11,16,10,12.272727272727272,0.4494,Sedang
Nursing,17,9500,1,141.0,135.4,1,0,1,0,0,18,7,9,7,12.50625,8,15,5,13.2,0.4395,Sedang
Advertising and Marketing Management,1,9670,1,132.0,129.9,1,0,1,1,0,20,6,10,6,12.714285714285714,6,8,4,13.0,0.4375,Sedang
Management,1,9147,1,124.0,128.6,1,0,1,0,0,20,5,5,4,12.0,4,4,2,11.5,0.436,Sedang
Management,51,9147,1,130.0,120.0,0,0,1,0,0,21,5,9,5,12.8,5,11,3,12.666666666666666,0.4359,Sedang
Communication Design,1,9070,1,123.0,124.8,0,0,0,0,1,18,6,7,5,11.8,6,7,5,13.0,0.4349,Sedang
Basic Education,18,9853,1,120.0,115.8,0,0,1,0,0,18,7,12,6,12.0,7,11,6,12.166666666666666,0.4346,Sedang
Oral Hygiene,39,9556,1,130.0,113.3,0,0,1,0,0,24,7,15,5,12.4,8,14,7,12.15,0.4344,Sedang
Basic Education,16,9853,1,134.0,121.4,1,0,1,0,1,23,6,10,4,14.25,6,8,5,12.0,0.4344,Sedang
Advertising and Marketing Management,1,9670,1,120.0,112.0,1,0,1,0,0,18,6,10,4,11.25,6,11,5,12.2,0.4333,Sedang
Basic Education,17,9853,1,128.0,128.4,1,0,1,0,1,20,6,10,5,13.2,6,12,5,12.833333333333334,0.4299,Sedang
Basic Education,1,9853,1,124.0,121.6,0,0,1,0,0,18,6,9,5,12.333333333333334,6,10,5,10.6,0.4286,Sedang
Advertising and Marketing Management,1,9670,1,113.0,110.2,1,0,1,0,0,22,5,7,3,12.666666666666666,5,6,4,12.0,0.4284,Sedang
Management,1,9147,1,129.0,118.9,1,0,1,0,0,19,5,8,4,12.8,5,10,3,14.5,0.4265,Sedang
Social Service,17,9238,1,148.0,129.8,0,0,1,0,0,20,6,11,5,10.6,6,11,4,10.4,0.4258,Sedang
Advertising and Marketing Management,17,9670,1,115.0,117.1,0,0,1,0,0,21,5,7,3,12.666666666666666,5,6,4,12.75,0.4247,Sedang
Nursing,43,9500,1,136.0,118.4,1,0,1,0,0,21,7,12,4,13.125,7,8,6,12.333333333333334,0.4219,Sedang
Veterinary Nursing,17,9085,1,134.0,131.2,0,0,1,0,0,19,5,8,1,11.0,5,6,5,11.2,0.4195,Sedang
Veterinary Nursing,1,9085,1,145.0,138.4,1,0,0,0,0,18,6,7,6,14.833333333333334,6,8,6,12.5,0.4187,Sedang
Nursing,7,9500,1,130.0,130.0,1,0,1,0,0,32,7,16,4,13.625,7,8,7,12.6375,0.4177,Sedang
Informatics Engineering,1,9119,1,150.0,143.4,0,0,0,1,1,18,5,5,5,14.2,5,5,5,14.2,0.4174,Sedang
Basic Education,1,9853,1,126.0,116.9,1,0,1,0,0,18,7,10,6,10.666666666666666,7,12,6,12.833333333333334,0.4173,Sedang
Journalism and Communication,1,9773,1,133.0,130.2,0,0,1,1,0,19,6,9,5,12.6,10,16,8,11.0,0.4164,Sedang
Veterinary Nursing,44,9085,1,150.0,150.0,0,0,1,0,0,20,5,10,2,14.5,5,7,4,11.25,0.4163,Sedang
Social Service,1,9238,1,151.0,157.0,1,1,1,0,1,18,6,8,5,11.6,6,12,4,11.0,0.4159,Sedang
Management (evening),44,9991,0,140.0,140.0,0,0,1,0,0,41,6,10,4,12.25,7,9,6,12.5,0.4123,Sedang
Management (evening),39,9991,0,147.0,147.9,0,0,1,0,0,28,5,8,4,11.5,5,7,4,12.0,0.4104,Sedang
Nursing,1,9500,1,133.1,99.0,1,0,1,1,0,22,7,9,6,12.833333333333334,8,12,6,12.5,0.4102,Sedang
Basic Education,18,9853,1,168.0,126.8,1,0,1,1,0,18,6,7,5,12.6,6,6,6,13.0,0.4075,Sedang
Management,39,9147,1,130.0,142.5,0,0,1,0,0,39,5,8,4,11.25,5,8,4,11.5,0.4026,Sedang
Advertising and Marketing Management,1,9670,1,132.0,143.6,1,0,1,1,0,20,6,8,5,12.8,6,10,5,11.6,0.4013,Sedang
Basic Education,1,9853,1,134.0,127.4,1,0,1,0,0,18,6,7,5,12.2,6,7,5,12.2,0.4,Sedang
Advertising and Marketing Management,43,9670,1,110.0,110.0,0,0,1,0,0,21,6,8,5,11.833333333333334,6,8,4,13.25,0.3983,Sedang
Management,1,9147,1,137.0,124.4,0,0,1,0,0,19,5,6,4,11.25,5,10,3,11.714285714285714,0.3981,Sedang
Management (evening),39,9991,0,100.0,120.7,0,0,1,0,0,28,5,9,4,11.25,5,7,4,13.0,0.3961,Sedang
Animation and Multimedia Design,1,171,1,133.0,141.4,0,0,1,1,1,20,0,0,0,0.0,0,0,0,0.0,0.396,Sedang
Management,39,9147,1,140.0,131.8,0,0,1,0,0,35,5,6,4,14.2,5,10,4,11.857142857142858,0.3953,Sedang
Management,39,9147,1,133.1,139.4,0,1,1,0,0,41,5,6,5,11.6,5,8,5,12.2,0.3952,Sedang
Management (evening),39,9991,0,160.0,160.0,0,0,1,0,1,31,5,13,4,10.5,5,10,4,10.5,0.3932,Sedang
Nursing,17,9500,1,132.0,125.4,1,0,0,0,1,20,7,7,7,13.462857142857144,8,10,7,13.164285714285716,0.3922,Sedang
Nursing,1,9500,1,140.0,124.3,1,0,1,0,0,19,7,9,5,12.32,7,9,5,11.9,0.392,Sedang
Communication Design,1,9070,1,140.0,138.3,0,0,1,1,0,20,6,8,6,13.428571428571429,6,12,4,11.5,0.389,Sedang
Agronomy,39,9003,1,133.1,140.0,0,0,1,1,0,43,6,8,6,12.875,6,14,5,12.142857142857142,0.3885,Sedang
Management (evening),1,9991,0,140.0,124.6,0,0,1,0,0,29,5,11,5,11.4,5,10,4,10.25,0.3883,Sedang
Journalism and Communication,39,9773,1,133.1,133.0,0,0,1,0,0,40,6,8,5,13.0,6,7,5,12.6,0.3881,Sedang
Advertising and Marketing Management,1,9670,1,120.0,115.1,0,0,1,0,0,19,6,8,3,11.666666666666666,6,11,5,13.625,0.3863,Sedang
Management (evening),43,9991,0,140.0,107.8,0,0,1,0,0,33,10,15,8,10.375,10,13,9,10.444444444444445,0.3843,Sedang
Nursing,43,9500,1,140.0,125.7,1,0,1,1,1,19,7,8,5,11.2,7,8,5,11.2,0.3833,Sedang
Management,1,9147,1,121.0,116.8,0,0,1,1,0,20,5,14,3,12.4,5,8,5,10.833333333333334,0.3829,Sedang
Tourism,1,9254,1,123.0,125.1,0,0,1,0,0,19,6,12,4,11.0,6,6,4,12.5,0.3822,Sedang
Tourism,17,9254,1,135.0,135.0,1,0,1,1,0,20,6,8,6,11.833333333333334,6,9,5,10.4,0.3813,Sedang
Veterinary Nursing,17,9085,1,134.0,120.4,1,0,1,0,0,20,5,13,3,11.333333333333334,5,8,5,12.6,0.3806,Sedang
Social Service (evening),39,8014,0,133.1,116.5,0,0,1,1,1,24,6,6,4,12.25,6,10,4,11.5,0.3803,Sedang
Nursing,39,9500,1,133.1,100.5,1,0,1,1,0,43,8,8,7,11.635714285714286,8,8,7,11.635714285714286,0.3789,Sedang
Management,17,9147,1,136.0,122.7,1,0,1,1,0,18,5,6,5,12.0,5,7,4,12.5,0.3754,Sedang
Management,17,9147,1,120.0,112.0,0,0,1,0,0,20,5,10,4,11.0,5,7,4,11.5,0.3749,Sedang
Journalism and Communication,17,9773,1,133.1,117.0,0,0,1,0,0,21,6,8,5,11.8,6,8,5,11.833333333333334,0.3731,Sedang
Advertising and Marketing Management,1,9670,1,127.0,128.1,0,0,1,1,0,19,5,8,4,12.5,5,6,4,11.0,0.3718,Sedang
Advertising and Marketing Management,17,9670,1,125.0,118.4,1,0,1,0,1,19,5,8,3,10.5,5,6,4,11.75,0.3713,Sedang
Agronomy,39,9003,1,133.1,120.0,0,1,1,0,0,37,6,10,6,12.875,6,12,6,12.9,0.371,Sedang
Oral Hygiene,1,9556,1,135.0,131.5,0,0,1,1,1,21,7,14,5,11.2,8,11,6,11.583333333333334,0.3708,Sedang
Communication Design,1,9070,1,128.0,129.8,1,0,1,0,0,20,6,6,6,11.833333333333334,6,6,3,13.333333333333334,0.3682,Sedang
Tourism,1,9254,1,133.1,97.0,0,0,1,1,0,27,6,6,6,10.666666666666666,6,8,4,11.25,0.3676,Sedang
Nursing,1,9500,1,122.0,114.3,1,0,1,1,0,18,7,8,6,13.976666666666668,8,12,6,12.041666666666666,0.3659,Sedang
Management (evening),43,9991,0,134.0,113.7,0,0,1,0,0,32,5,5,5,10.2,5,9,4,11.25,0.3658,Sedang
Tourism,1,9254,1,137.0,125.1,1,0,1,0,0,18,6,10,4,11.75,6,9,5,11.2,0.3644,Sedang
Journalism and Communication,17,9773,1,144.0,130.7,1,0,1,0,0,20,6,9,6,11.666666666666666,6,8,5,11.6,0.3641,Sedang
Nursing,1,9500,1,122.0,114.8,1,0,1,0,1,19,7,11,4,12.65,7,9,5,11.1,0.3629,Sedang
Tourism,1,9254,1,112.0,113.8,1,0,1,0,0,21,6,10,6,10.833333333333334,6,10,4,11.0,0.3624,Sedang
Journalism and Communication,1,9773,1,145.0,131.7,1,0,1,0,0,18,6,7,6,12.666666666666666,6,8,4,12.25,0.3582,Sedang
Agronomy,17,9003,1,119.0,113.2,0,1,1,0,0,20,6,8,6,13.333333333333334,6,8,5,14.0,0.3571,Sedang
Management (evening),39,9991,0,130.0,148.0,0,0,1,0,1,31,5,11,4,11.25,5,10,4,10.833333333333334,0.3556,Sedang
Communication Design,17,9070,1,131.0,120.2,1,0,1,1,0,18,6,6,6,12.833333333333334,6,8,5,11.4,0.3541,Sedang
Nursing,1,9500,1,125.0,120.3,1,0,1,0,0,19,7,11,5,11.716666666666669,7,8,5,13.7,0.3505,Sedang
Management,1,9147,1,118.0,117.3,1,0,1,0,0,19,5,9,4,12.25,5,10,4,12.0,0.3497,Sedang
Animation and Multimedia Design,1,171,1,137.0,146.5,1,1,1,1,0,19,12,13,11,12.0,11,15,10,11.181818181818182,0.3496,Sedang
Agronomy,39,9003,1,133.1,140.0,0,1,1,1,0,24,6,10,6,14.88888888888889,6,11,6,13.727272727272728,0.3493,Sedang
Journalism and Communication,17,9773,1,128.0,125.2,1,0,1,1,0,18,6,6,6,12.666666666666666,6,7,5,13.6,0.3487,Sedang
Nursing,1,9500,1,126.0,120.1,1,0,1,0,0,19,7,12,4,13.375,7,8,6,12.116666666666667,0.3461,Sedang
Management,1,9147,1,117.0,117.0,1,0,1,1,0,19,5,5,4,10.75,5,6,4,12.25,0.3431,Sedang
Advertising and Marketing Management,1,9670,1,121.0,111.9,1,0,1,1,1,20,6,7,6,11.333333333333334,6,10,4,10.571428571428571,0.3429,Sedang
Basic Education,17,9853,1,119.0,110.6,0,0,1,0,0,20,7,9,6,11.833333333333334,7,7,6,14.333333333333334,0.3418,Sedang
Informatics Engineering,18,9119,1,136.0,125.2,1,0,1,1,0,19,5,9,5,11.833333333333334,5,9,5,14.714285714285714,0.3414,Sedang
Management,39,9147,1,110.0,140.0,0,0,1,0,0,41,5,14,4,14.5,5,12,5,13.0,0.3371,Sedang
Nursing,1,9500,1,149.0,138.0,0,0,1,1,0,18,8,11,6,13.496666666666668,8,11,6,13.496666666666668,0.3348,Sedang
Tourism,1,9254,1,125.0,122.9,0,0,1,1,1,19,6,7,6,11.166666666666666,6,12,3,11.666666666666666,0.3334,Sedang
Tourism,39,9254,1,160.0,100.0,0,0,1,1,0,26,6,7,6,12.0,6,8,5,10.8,0.3324,Sedang
Advertising and Marketing Management,43,9670,1,129.0,122.4,1,0,1,0,0,19,5,5,4,13.75,6,9,5,12.6,0.3314,Sedang
Agronomy,1,9003,1,144.0,132.8,0,0,1,1,1,19,6,9,4,12.0,6,10,4,12.5,0.3273,Sedang
Communication Design,17,9070,1,131.0,125.1,0,0,1,1,0,18,6,7,6,12.333333333333334,6,10,5,10.8,0.3269,Sedang
Social Service (evening),51,8014,0,133.1,104.0,0,1,1,0,0,42,11,14,10,11.9,11,14,10,12.8,0.3264,Sedang
Nursing,1,9500,1,138.0,127.5,1,0,1,0,0,19,7,10,5,12.94,7,7,5,13.76,0.3259,Sedang
Veterinary Nursing,1,9085,1,146.0,126.0,0,0,1,0,0,19,5,7,3,12.333333333333334,5,7,4,10.25,0.3258,Sedang
Veterinary Nursing,44,9085,1,140.0,140.0,1,0,1,0,0,20,6,9,6,12.666666666666666,6,10,4,11.5,0.3256,Sedang
Veterinary Nursing,1,9085,1,125.0,126.8,0,0,1,0,0,18,6,13,6,12.0,6,16,4,12.75,0.3231,Sedang
Basic Education,1,9853,1,123.0,115.3,1,0,1,0,0,20,7,8,6,13.5,7,8,6,14.0,0.3227,Sedang
Agronomy,42,9003,1,140.0,140.0,0,0,1,0,0,22,6,10,6,12.571428571428571,6,12,4,13.666666666666666,0.3226,Sedang
Nursing,17,9500,1,140.0,128.5,1,0,1,0,0,18,7,9,5,14.06,7,9,6,12.571428571428571,0.3224,Sedang
Veterinary Nursing,44,9085,1,140.0,140.0,0,0,1,0,0,20,6,7,6,14.285714285714286,6,9,3,13.0,0.3222,Sedang
Journalism and Communication,1,9773,1,132.0,124.3,1,0,1,0,0,19,6,6,5,12.2,6,7,5,10.8,0.3199,Sedang
Equinculture,44,9130,1,150.0,150.0,1,0,1,0,0,20,5,7,4,12.0,5,6,4,12.4,0.3197,Sedang
Nursing,1,9500,1,133.1,96.0,1,0,1,0,0,19,7,10,6,13.598333333333334,8,11,6,11.933333333333332,0.3167,Sedang
Basic Education,1,9853,1,140.0,124.6,1,0,1,0,0,18,7,7,6,11.666666666666666,7,8,6,13.5,0.3156,Sedang
Tourism,1,9254,1,140.0,130.0,0,0,1,1,0,21,6,8,6,12.571428571428571,6,10,4,13.0,0.3115,Sedang
Veterinary Nursing,1,9085,1,135.0,121.0,1,0,1,0,0,18,5,14,3,12.333333333333334,5,8,5,11.6,0.3084,Sedang
Social Service,43,9238,1,109.0,108.3,0,0,1,0,1,21,6,15,2,10.5,6,8,5,12.4,0.3063,Sedang
Management (evening),39,9991,0,130.0,115.2,0,0,1,1,0,24,5,5,4,12.0,5,6,5,12.666666666666666,0.3059,Sedang
Management (evening),39,9991,0,120.0,147.8,0,0,1,0,0,40,5,9,4,11.25,5,6,5,12.0,0.3046,Sedang
Nursing,1,9500,1,136.0,133.0,1,0,1,0,0,19,7,8,5,13.98,7,8,5,13.98,0.3041,Sedang
Nursing,17,9500,1,160.0,147.8,0,0,1,0,0,20,7,11,6,11.757142857142856,8,12,6,13.083333333333334,0.3029,Sedang
Basic Education,17,9853,1,125.0,128.5,1,0,1,0,0,18,7,9,6,11.5,7,8,7,12.714285714285714,0.3021,Sedang
Advertising and Marketing Management,1,9670,1,117.0,110.7,1,0,1,1,0,20,6,10,5,14.0,6,10,6,12.0,0.2985,Rendah
Management,1,9147,1,132.0,131.3,1,0,1,0,0,18,5,8,4,12.0,5,8,4,12.25,0.298,Rendah
Nursing,17,9500,1,136.0,125.7,1,0,1,0,0,20,7,8,6,13.548333333333334,8,11,6,14.775,0.2974,Rendah
Social Service (evening),1,8014,0,96.0,100.0,0,0,1,0,0,20,6,10,5,12.0,6,9,4,11.25,0.2963,Rendah
Social Service (evening),43,8014,0,120.0,100.0,0,0,1,0,0,45,9,13,8,11.0,7,10,6,10.833333333333334,0.2934,Rendah
Informatics Engineering,17,9119,1,122.0,114.7,0,0,1,1,0,20,5,6,5,15.8,5,8,5,13.714285714285714,0.2914,Rendah
Management (evening),39,9991,0,100.0,113.0,0,0,1,1,1,41,5,9,4,11.0,5,6,5,11.4,0.29,Rendah
Management,17,9147,1,125.0,125.7,0,0,1,0,0,20,5,7,5,11.166666666666666,5,9,4,10.75,0.2891,Rendah
Advertising and Marketing Management,1,9670,1,133.1,139.0,0,0,1,1,0,21,6,6,5,12.8,6,9,5,12.25,0.2885,Rendah
Communication Design,43,9070,1,125.0,133.4,1,0,1,1,1,19,6,6,4,13.0,6,7,5,12.2,0.2881,Rendah
Communication Design,17,9070,1,125.0,128.9,0,0,1,0,1,18,6,9,5,11.6,6,8,4,11.2,0.2872,Rendah
Nursing,17,9500,1,127.0,118.8,1,0,1,1,0,19,7,9,6,12.933333333333332,7,7,6,13.716666666666669,0.2867,Rendah
Nursing,1,9500,1,154.0,129.0,1,0,1,0,0,18,8,9,6,13.345,8,9,6,13.345,0.2863,Rendah
Management (evening),39,9991,0,140.0,110.0,0,0,1,0,1,35,5,9,3,11.666666666666666,5,7,5,11.8,0.2856,Rendah
Veterinary Nursing,5,9085,1,150.0,139.4,0,0,1,0,0,18,5,9,3,12.0,5,6,4,13.0,0.2856,Rendah
Management,17,9147,1,137.0,124.4,1,0,1,0,0,18,5,5,5,12.6,5,5,4,11.0,0.2842,Rendah
Veterinary Nursing,51,9085,1,120.0,125.0,0,0,1,0,0,28,6,8,6,14.428571428571429,6,12,4,15.6,0.2835,Rendah
Nursing,1,9500,1,117.0,117.4,1,0,1,0,0,19,7,12,5,11.8,7,9,6,11.708333333333334,0.2834,Rendah
Management (evening),39,9991,0,120.0,144.8,0,0,1,1,0,28,5,7,4,12.75,5,7,5,14.333333333333334,0.2805,Rendah
Biofuel Production Technologies,39,33,1,140.0,152.8,0,0,1,0,0,26,7,9,7,14.75,7,12,5,13.8,0.2802,Rendah
Advertising and Marketing Management,1,9670,1,143.0,144.1,1,0,1,0,0,19,6,7,5,12.6,6,10,5,12.375,0.2802,Rendah
Advertising and Marketing Management,5,9670,1,135.0,140.3,1,0,1,0,0,19,6,7,6,13.428571428571429,6,6,4,14.0,0.2782,Rendah
Tourism,1,9254,1,160.0,140.8,1,0,1,1,0,23,6,8,6,12.666666666666666,6,10,5,12.2,0.2758,Rendah
Management,16,9147,1,132.0,122.6,1,0,1,0,1,20,5,8,3,12.0,5,9,4,12.625,0.274,Rendah
Informatics Engineering,39,9119,1,130.0,134.0,0,0,1,1,1,24,5,8,5,11.833333333333334,5,8,4,14.0,0.2735,Rendah
Nursing,39,9500,1,100.0,121.3,1,0,1,0,0,34,8,11,7,11.705714285714285,8,11,7,11.705714285714285,0.2721,Rendah
Oral Hygiene,39,9556,1,160.0,130.0,0,0,1,0,0,25,7,14,7,11.95,8,15,7,12.042857142857144,0.2721,Rendah
Veterinary Nursing,17,9085,1,106.0,106.0,0,0,1,0,0,20,6,9,6,13.166666666666666,6,8,4,14.0,0.2718,Rendah
Social Service,1,9238,1,124.0,121.2,0,0,1,0,0,19,6,12,2,13.0,6,9,6,10.833333333333334,0.2674,Rendah
Management (evening),44,9991,0,130.0,130.0,0,0,1,0,0,31,6,12,4,12.25,7,9,7,12.0,0.2668,Rendah
Nursing,43,9500,1,126.0,124.3,1,0,1,0,1,18,7,8,5,11.98,7,8,5,11.98,0.2629,Rendah
Management,1,9147,1,123.0,117.8,0,0,1,1,0,20,5,9,5,12.0,5,9,4,13.0,0.261,Rendah
Social Service,39,9238,1,170.0,140.0,1,0,1,0,0,24,6,9,4,15.75,6,10,5,16.4,0.2582,Rendah
Social Service,1,9238,1,108.0,107.3,0,0,1,0,1,19,6,12,4,10.4,6,11,4,10.75,0.2578,Rendah
Agronomy,39,9003,1,140.0,150.0,0,0,1,1,0,28,6,12,5,12.0,6,10,6,12.333333333333334,0.2535,Rendah
Agronomy,44,9003,1,140.0,140.0,0,0,1,1,0,20,6,11,6,11.285714285714286,6,12,5,11.77777777777778,0.2498,Rendah
Management,39,9147,1,133.1,119.8,0,0,1,1,0,26,5,9,5,12.0,5,5,5,10.2,0.2492,Rendah
Nursing,17,9500,1,145.0,136.3,1,0,1,0,0,18,8,12,7,12.285714285714286,8,12,7,12.285714285714286,0.2475,Rendah
Social Service (evening),39,8014,0,133.1,134.5,0,0,1,0,0,45,6,8,5,13.6,6,7,5,13.0,0.2467,Rendah
Management,1,9147,1,120.0,111.3,0,0,1,1,1,18,5,10,4,10.8,5,10,4,11.75,0.2456,Rendah
Management,1,9147,1,125.0,124.0,1,0,1,0,0,19,5,5,5,11.2,5,11,4,11.75,0.2445,Rendah
Nursing,43,9500,1,125.0,123.6,1,0,1,0,1,18,7,8,5,12.86,7,8,5,12.86,0.2445,Rendah
Tourism,1,9254,1,131.0,134.5,1,0,1,1,0,25,6,8,6,13.166666666666666,6,8,5,12.6,0.2444,Rendah
Veterinary Nursing,1,9085,1,147.0,133.7,1,0,1,0,1,19,5,10,2,13.5,5,11,5,11.4,0.2434,Rendah
Veterinary Nursing,1,9085,1,134.0,129.1,0,0,1,0,0,19,5,7,3,12.0,5,7,4,13.5,0.2431,Rendah
Veterinary Nursing,44,9085,1,140.0,140.0,1,0,1,0,0,20,6,13,6,12.555555555555555,6,11,5,11.8,0.2429,Rendah
Nursing,1,9500,1,136.0,120.0,1,0,1,1,0,18,7,8,6,11.833333333333334,7,8,6,11.833333333333334,0.2428,Rendah
Journalism and Communication,1,9773,1,133.1,98.0,1,0,1,1,1,19,6,8,4,12.0,6,8,6,12.285714285714286,0.2401,Rendah
Management,1,9147,1,131.0,123.3,0,0,1,1,0,19,5,7,5,11.8,5,8,4,12.4,0.24,Rendah
Agronomy,42,9003,1,120.0,128.2,1,0,1,1,0,24,9,13,8,13.333333333333334,10,12,9,13.11111111111111,0.24,Rendah
Veterinary Nursing,1,9085,1,140.0,131.6,1,0,1,0,0,20,7,9,6,14.714285714285714,7,16,6,13.2,0.2382,Rendah
Management,17,9147,1,121.0,123.8,0,0,1,0,1,19,5,5,5,12.4,5,8,3,11.0,0.2381,Rendah
Advertising and Marketing Management,17,9670,1,133.1,96.0,1,0,1,0,1,25,6,8,6,11.285714285714286,6,10,5,12.2,0.2365,Rendah
Journalism and Communication,17,9773,1,121.0,113.7,0,0,1,0,0,18,6,8,5,12.6,6,10,6,12.428571428571429,0.2347,Rendah
Nursing,43,9500,1,120.0,120.0,1,0,1,0,0,26,7,8,6,12.0,7,8,6,12.0,0.234,Rendah
Informatics Engineering,17,9119,1,127.0,121.1,1,0,1,1,1,18,5,6,5,13.2,5,8,5,12.6,0.2337,Rendah
Nursing,17,9500,1,132.0,125.5,1,0,1,1,0,18,8,8,7,13.154285714285717,8,8,7,13.154285714285717,0.2328,Rendah
Nursing,1,9500,1,138.0,123.0,1,0,1,0,0,19,7,10,5,13.44,7,8,6,13.066666666666668,0.2313,Rendah
Basic Education,1,9853,1,146.0,145.3,1,0,1,0,1,18,6,8,5,12.8,6,7,5,13.4,0.2261,Rendah
Management,1,9147,1,130.0,119.5,1,0,1,1,1,18,5,7,4,11.25,5,6,4,12.25,0.2254,Rendah
Social Service,17,9238,1,123.0,113.2,0,0,1,0,1,20,6,11,4,10.75,6,13,5,11.5,0.2254,Rendah
Tourism,1,9254,1,118.0,114.2,0,0,1,0,0,18,6,10,5,12.2,6,10,5,11.6,0.223,Rendah
Management (evening),42,9991,0,123.0,123.0,0,0,1,1,0,37,5,10,5,15.8,5,5,5,17.6,0.2213,Rendah
Informatics Engineering,17,9119,1,120.0,117.2,0,0,1,1,1,18,5,8,4,13.5,6,10,6,13.625,0.2209,Rendah
Management,1,9147,1,131.0,132.4,1,0,1,0,0,19,5,5,5,11.8,5,8,4,11.25,0.2207,Rendah
Communication Design,43,9070,1,150.0,126.4,0,0,1,1,0,26,7,8,7,13.285714285714286,8,11,7,12.142857142857142,0.2205,Rendah
Basic Education,17,9853,1,114.0,111.9,1,0,1,1,1,20,6,6,6,12.0,6,7,6,12.5,0.2199,Rendah
Communication Design,1,9070,1,125.0,125.4,1,0,1,0,0,19,6,7,5,12.4,6,6,5,12.4,0.2193,Rendah
Management,1,9147,1,127.0,123.5,1,0,1,0,1,19,5,5,5,11.6,5,11,3,12.666666666666666,0.2173,Rendah
Management (evening),18,9991,0,133.1,145.0,0,0,1,0,1,21,5,6,4,12.25,5,8,4,11.8,0.2167,Rendah
Advertising and Marketing Management,1,9670,1,131.0,123.0,1,0,1,0,1,18,5,6,3,11.666666666666666,5,6,4,13.5,0.2167,Rendah
Nursing,1,9500,1,139.0,121.3,1,0,1,0,1,19,8,10,6,11.833333333333334,8,10,6,11.833333333333334,0.212,Rendah
Management,17,9147,1,118.0,118.0,0,0,1,0,0,20,5,11,4,11.0,5,7,5,13.2,0.212,Rendah
Tourism,1,9254,1,100.0,101.8,1,0,1,0,0,21,6,8,5,11.6,6,6,5,13.0,0.2096,Rendah
Agronomy,39,9003,1,133.1,129.8,0,0,1,1,0,24,7,7,7,13.571428571428571,6,9,5,13.4,0.2075,Rendah
Oral Hygiene,43,9556,1,128.0,123.5,1,0,1,0,0,22,7,14,6,10.744444444444444,8,10,8,11.8375,0.2068,Rendah
Nursing,1,9500,1,118.0,110.0,1,0,1,0,0,19,7,12,4,12.85,7,7,7,12.62142857142857,0.2063,Rendah
Nursing,39,9500,1,120.0,105.9,0,0,1,0,0,35,3,4,3,11.816666666666668,3,3,3,11.333333333333334,0.2049,Rendah
Nursing,1,9500,1,101.0,102.4,0,0,1,0,0,20,7,9,5,12.04,7,9,6,11.77142857142857,0.2048,Rendah
Basic Education,1,9853,1,133.0,131.3,1,0,1,0,0,20,6,9,5,14.333333333333334,8,8,8,12.625,0.2047,Rendah
Management,1,9147,1,143.0,128.7,1,0,1,1,0,23,5,6,4,14.0,5,5,5,13.8,0.2046,Rendah
Management (evening),39,9991,0,150.0,146.0,0,0,1,1,0,34,5,5,5,14.2,5,5,5,14.6,0.2043,Rendah
Nursing,1,9500,1,127.0,121.5,1,0,1,1,0,20,7,7,6,13.016666666666666,7,7,6,13.016666666666666,0.2034,Rendah
Veterinary Nursing,16,9085,1,134.0,123.9,1,0,1,1,0,18,5,11,5,13.0,5,7,5,12.4,0.203,Rendah
Nursing,1,9500,1,118.0,115.7,0,0,1,1,0,20,7,9,5,12.7,8,9,7,13.475,0.2024,Rendah
Management,1,9147,1,143.0,135.0,1,0,1,0,0,21,5,8,4,11.0,5,8,5,12.0,0.2006,Rendah
Nursing,39,9500,1,130.0,130.0,0,0,1,0,0,27,8,12,7,12.457142857142856,8,12,7,12.457142857142856,0.1998,Rendah
Nursing,17,9500,1,130.0,128.8,1,0,1,0,0,18,7,8,6,13.39,8,10,7,12.757142857142856,0.1992,Rendah
Communication Design,42,9070,1,100.0,115.9,0,0,1,0,0,29,10,15,9,11.555555555555555,11,17,10,11.9,0.1979,Rendah
Management,53,9147,1,130.0,132.4,0,0,1,0,0,30,11,20,9,12.22222222222222,9,16,9,11.6,0.195,Rendah
Management (evening),39,9991,0,130.0,151.6,0,0,1,0,0,24,5,9,5,12.285714285714286,5,8,5,12.125,0.1936,Rendah
Nursing,39,9500,1,148.0,130.0,0,0,1,0,0,24,8,12,7,12.714285714285714,8,12,7,12.714285714285714,0.1936,Rendah
Equinculture,1,9130,1,140.0,129.5,1,0,1,0,0,18,5,10,4,13.5,5,5,5,13.4,0.1935,Rendah
Nursing,1,9500,1,130.0,118.1,1,0,1,1,0,18,7,10,6,12.035714285714286,8,9,7,13.75,0.1934,Rendah
Tourism,1,9254,1,120.0,118.3,0,0,1,1,0,20,6,8,6,12.857142857142858,6,9,5,12.4,0.1934,Rendah
Veterinary Nursing,1,9085,1,138.0,131.0,1,0,1,0,0,18,5,9,5,12.666666666666666,5,7,4,13.0,0.1919,Rendah
Nursing,1,9500,1,125.0,115.6,1,0,1,0,0,18,7,9,6,12.183333333333332,7,9,6,11.783333333333331,0.1895,Rendah
Communication Design,1,9070,1,132.0,136.6,1,0,1,0,0,18,6,10,6,11.714285714285714,6,15,6,10.375,0.1875,Rendah
Management (evening),43,9991,0,120.0,120.0,0,0,1,0,0,36,12,21,11,11.5,12,22,12,11.4375,0.1864,Rendah
Nursing,43,9500,1,133.1,114.5,0,0,1,0,0,23,7,11,6,12.1,7,7,6,12.616666666666667,0.1852,Rendah
Nursing,17,9500,1,126.0,126.2,1,0,1,0,1,18,7,10,5,11.94,7,8,6,12.8,0.1841,Rendah
Agronomy,44,9003,1,130.0,130.0,0,0,1,1,0,19,6,8,5,11.5,6,11,6,11.333333333333334,0.1823,Rendah
Tourism,1,9254,1,128.0,127.0,0,0,1,0,0,19,6,6,6,12.0,6,7,4,12.75,0.1817,Rendah
Nursing,7,9500,1,130.0,130.0,0,0,1,0,0,32,7,9,7,13.761111111111113,8,11,7,12.06375,0.181,Rendah
Advertising and Marketing Management,1,9670,1,131.0,127.2,0,0,1,0,1,18,5,7,3,12.666666666666666,5,5,4,12.5,0.179,Rendah
Management (evening),7,9991,0,120.0,120.0,0,0,1,0,0,27,5,5,5,15.2,5,6,5,14.0,0.1788,Rendah
Nursing,17,9500,1,128.0,124.7,0,0,1,1,1,19,7,11,6,12.528571428571428,7,10,6,12.416666666666666,0.1765,Rendah
Veterinary Nursing,1,9085,1,122.0,113.3,1,0,1,0,0,18,5,9,4,14.25,5,8,5,12.714285714285714,0.1741,Rendah
Journalism and Communication,1,9773,1,150.0,138.1,1,0,1,0,0,19,6,7,6,14.0,6,7,5,15.0,0.1726,Rendah
Management (evening),39,9991,0,172.0,150.0,1,0,1,0,1,28,5,7,5,10.6,5,6,5,10.2,0.1709,Rendah
Management,1,9147,1,120.0,111.3,0,0,1,1,0,20,5,8,5,10.2,5,7,5,11.2,0.1674,Rendah
Agronomy,44,9003,1,140.0,140.0,0,0,1,0,0,24,6,10,6,11.428571428571429,6,12,5,13.0,0.1653,Rendah
Advertising and Marketing Management,1,9670,1,126.0,125.7,0,0,1,0,0,20,6,9,6,13.571428571428571,6,10,5,13.6,0.1651,Rendah
Journalism and Communication,1,9773,1,137.0,139.8,1,0,1,0,0,18,6,10,6,12.571428571428571,6,11,6,12.571428571428571,0.1647,Rendah
Communication Design,1,9070,1,140.0,125.0,1,0,1,1,0,19,6,7,6,12.666666666666666,6,8,6,12.142857142857142,0.1573,Rendah
Nursing,17,9500,1,132.0,130.8,1,0,1,0,0,18,8,8,7,13.68142857142857,8,8,7,13.68142857142857,0.1553,Rendah
Advertising and Marketing Management,17,9670,1,141.0,128.8,1,0,1,0,0,19,6,6,6,14.833333333333334,6,8,6,13.285714285714286,0.1541,Rendah
Nursing,1,9500,1,136.0,131.1,1,0,1,0,0,19,7,9,6,13.411428571428573,8,12,7,13.294444444444444,0.1537,Rendah
Veterinary Nursing,1,9085,1,132.0,124.3,0,0,1,0,0,20,6,10,6,13.428571428571429,6,11,5,12.666666666666666,0.1534,Rendah
Journalism and Communication,1,9773,1,145.0,131.0,1,0,1,0,1,18,6,6,6,12.166666666666666,6,10,5,11.2,0.1521,Rendah
Management,1,9147,1,151.0,138.4,0,0,1,0,0,18,5,6,4,11.25,5,8,5,11.0,0.1482,Rendah
Oral Hygiene,18,9556,1,127.0,121.8,1,0,1,0,0,20,7,14,7,11.4375,8,9,8,11.425,0.1481,Rendah
Oral Hygiene,39,9556,1,130.0,110.0,0,0,1,1,1,24,7,13,6,10.857142857142858,7,7,7,11.857142857142858,0.1478,Rendah
Nursing,17,9500,1,137.0,131.1,1,0,1,0,0,18,7,9,7,12.385714285714286,8,9,7,12.728571428571428,0.1461,Rendah
Oral Hygiene,17,9556,1,133.0,119.0,0,0,1,0,0,19,7,10,6,11.15,7,7,7,12.814285714285717,0.1459,Rendah
Equinculture,1,9130,1,133.1,138.0,1,0,1,0,0,20,6,11,6,13.333333333333334,6,10,6,13.0,0.1456,Rendah
Informatics Engineering,44,9119,1,180.0,180.0,0,0,1,1,1,20,7,12,6,14.142857142857142,6,10,6,14.125,0.1456,Rendah
Advertising and Marketing Management,17,9670,1,115.0,109.1,1,0,1,0,1,19,6,7,6,13.285714285714286,6,9,5,14.6,0.1443,Rendah
Nursing,1,9500,1,130.0,125.1,1,0,1,0,1,18,7,9,6,12.816666666666668,8,11,6,12.875,0.1441,Rendah
Nursing,1,9500,1,113.0,106.7,1,0,1,0,1,20,7,10,5,12.62,7,8,6,12.5,0.1425,Rendah
Social Service,17,9238,1,128.0,118.6,1,0,1,0,1,21,6,8,5,13.2,6,7,5,11.8,0.1425,Rendah
Tourism,17,9254,1,122.0,118.2,0,0,1,0,1,20,6,10,4,11.25,6,6,6,10.5,0.1408,Rendah
Nursing,1,9500,1,106.0,106.4,1,0,1,0,1,19,7,9,5,13.34,7,9,6,12.385714285714286,0.14,Rendah
Tourism,1,9254,1,115.0,113.6,0,0,1,1,0,23,6,10,6,13.0,6,9,6,12.0,0.1367,Rendah
Tourism,1,9254,1,122.0,114.3,1,0,1,0,1,20,6,8,5,12.8,6,9,5,12.8,0.1361,Rendah
Veterinary Nursing,1,9085,1,135.0,136.8,1,0,1,0,0,18,5,11,5,14.0,5,7,5,11.6,0.1361,Rendah
Social Service (evening),39,8014,0,133.1,119.0,0,0,1,0,1,48,6,7,6,10.666666666666666,6,9,5,11.8,0.1355,Rendah
Social Service,1,9238,1,138.0,135.9,1,0,1,0,0,19,6,11,5,11.6,6,11,6,11.666666666666666,0.1313,Rendah
Equinculture,43,9130,1,100.0,100.0,0,0,1,0,0,19,5,10,5,14.857142857142858,5,7,5,15.142857142857142,0.1309,Rendah
Nursing,1,9500,1,113.0,107.8,1,0,1,0,1,20,7,10,5,14.46,7,8,6,13.55,0.1282,Rendah
Nursing,1,9500,1,127.0,121.4,0,0,1,1,0,20,7,10,5,13.976666666666668,8,9,8,13.22222222222222,0.1274,Rendah
Communication Design,43,9070,1,150.0,140.8,0,0,1,0,0,19,6,6,5,12.4,6,8,6,12.75,0.1261,Rendah
Nursing,39,9500,1,130.0,120.0,1,0,1,0,1,25,8,11,7,13.29,8,11,7,13.29,0.1256,Rendah
Communication Design,17,9070,1,136.0,130.8,0,0,1,0,0,20,6,6,6,12.5,6,8,6,11.5,0.1218,Rendah
Communication Design,1,9070,1,129.0,132.9,1,0,1,1,1,20,6,9,6,11.375,6,6,5,13.8,0.1211,Rendah
Nursing,39,9500,1,133.1,121.7,0,0,1,0,1,27,7,8,6,12.6,7,9,6,11.685714285714283,0.12,Rendah
Management,1,9147,1,129.0,117.8,0,0,1,0,1,19,5,6,4,11.0,5,9,4,13.857142857142858,0.1181,Rendah
Journalism and Communication,1,9773,1,127.0,121.1,1,0,1,0,0,18,6,6,6,13.166666666666666,6,6,6,12.5,0.1167,Rendah
Communication Design,1,9070,1,123.0,121.3,1,0,1,0,0,20,6,6,6,11.166666666666666,6,9,6,11.5,0.1164,Rendah
Agronomy,44,9003,1,140.0,140.0,0,0,1,1,1,20,6,11,5,13.833333333333334,6,13,6,12.3,0.1152,Rendah
Journalism and Communication,17,9773,1,135.0,135.0,0,0,1,0,0,18,6,6,6,13.5,6,6,6,13.333333333333334,0.1145,Rendah
Nursing,1,9500,1,125.0,119.4,1,0,1,0,0,19,7,10,6,12.471428571428572,7,8,7,11.4625,0.1141,Rendah
Oral Hygiene,39,9556,1,130.0,145.0,0,0,1,0,0,25,7,10,6,12.125,8,9,8,13.3125,0.1134,Rendah
Communication Design,17,9070,1,123.0,113.9,0,0,1,0,0,18,6,8,6,12.5,6,6,6,12.333333333333334,0.1117,Rendah
Oral Hygiene,39,9556,1,133.1,152.8,1,0,1,0,0,28,7,9,7,12.428571428571429,8,8,8,12.3,0.1117,Rendah
Nursing,39,9500,1,110.0,126.0,1,0,1,1,0,27,7,7,7,14.085714285714284,7,7,7,14.085714285714284,0.1107,Rendah
Nursing,1,9500,1,131.0,122.0,1,0,1,0,0,20,8,8,7,14.014285714285714,8,8,7,14.014285714285714,0.1102,Rendah
Tourism,1,9254,1,129.0,122.0,1,0,1,0,1,18,6,9,6,10.833333333333334,6,8,5,11.0,0.1098,Rendah
Management (evening),1,9991,0,140.0,139.0,0,0,1,0,1,38,5,8,5,11.0,5,7,5,11.4,0.1095,Rendah
Social Service (evening),1,8014,0,123.0,127.6,1,0,1,1,0,26,6,6,6,11.833333333333334,6,6,6,11.666666666666666,0.1085,Rendah
Advertising and Marketing Management,1,9670,1,122.0,126.6,1,0,1,0,0,18,6,8,6,14.625,6,9,6,14.142857142857142,0.1047,Rendah
Nursing,1,9500,1,131.0,126.1,1,0,1,0,0,18,7,8,7,12.59125,8,11,7,12.820000000000002,0.1046,Rendah
Nursing,43,9500,1,130.0,100.0,0,0,1,0,0,20,7,11,6,11.616666666666667,7,7,7,13.0,0.1043,Rendah
Communication Design,1,9070,1,124.0,126.8,0,0,1,0,1,18,6,8,6,12.0,6,12,5,11.142857142857142,0.1023,Rendah
Advertising and Marketing Management,1,9670,1,143.0,131.8,1,0,1,0,1,18,6,8,6,13.571428571428571,6,6,5,12.8,0.1008,Rendah
Nursing,43,9500,1,121.0,115.4,1,0,1,0,1,24,8,8,7,11.971428571428572,8,8,7,11.971428571428572,0.1002,Rendah
Communication Design,17,9070,1,116.0,110.8,0,0,1,0,0,18,6,6,6,11.833333333333334,6,6,6,12.5,0.1002,Rendah
Management (evening),44,9991,0,150.0,150.0,0,0,1,0,0,31,6,8,6,12.0,7,8,7,13.428571428571429,0.0977,Rendah
Management,1,9147,1,128.0,122.1,0,0,1,0,1,18,5,11,4,11.571428571428571,5,9,5,12.0,0.0971,Rendah
Oral Hygiene,43,9556,1,149.0,140.2,1,0,1,0,0,20,7,9,7,12.333333333333334,8,8,8,12.625,0.0969,Rendah
Social Service (evening),43,8014,0,120.0,118.3,0,0,1,0,0,20,6,6,6,12.166666666666666,6,7,5,14.0,0.0963,Rendah
Advertising and Marketing Management,1,9670,1,130.0,124.1,1,0,1,0,0,18,6,6,6,14.166666666666666,6,7,6,13.428571428571429,0.0961,Rendah
Social Service,1,9238,1,108.0,105.9,0,0,1,0,1,20,6,11,5,10.6,6,9,5,11.166666666666666,0.096,Rendah
Veterinary Nursing,1,9085,1,135.0,134.3,1,0,1,0,0,19,5,7,5,14.2,5,7,5,13.8,0.0948,Rendah
Nursing,7,9500,1,120.0,120.0,1,0,1,0,0,45,11,11,11,12.7,10,12,10,12.96818181818182,0.0941,Rendah
Management,51,9147,1,160.0,118.0,0,0,1,0,0,53,15,15,15,11.8,13,13,12,11.666666666666666,0.0935,Rendah
Equinculture,17,9130,1,138.0,126.3,1,0,1,0,1,18,6,7,6,12.833333333333334,6,8,6,13.0,0.0916,Rendah
Social Service (evening),1,8014,0,121.0,114.4,1,0,1,0,0,45,12,14,12,14.0,7,12,7,13.857142857142858,0.0885,Rendah
Social Service,17,9238,1,131.0,120.2,1,0,1,0,1,19,6,9,5,11.333333333333334,6,6,6,10.833333333333334,0.0862,Rendah
Nursing,1,9500,1,117.0,112.1,0,0,1,0,1,20,7,9,5,13.188,8,9,7,12.892857142857142,0.0835,Rendah
Journalism and Communication,1,9773,1,143.0,144.8,0,0,1,0,0,19,6,6,6,12.166666666666666,6,6,6,12.5,0.0834,Rendah
Advertising and Marketing Management,1,9670,1,122.0,116.1,0,0,1,1,1,19,6,10,6,13.125,6,9,6,12.714285714285714,0.0823,Rendah
Communication Design,1,9070,1,129.0,136.4,1,0,1,0,0,18,6,6,6,12.333333333333334,6,6,6,12.833333333333334,0.0804,Rendah
Nursing,43,9500,1,170.0,100.0,0,0,1,0,0,20,7,8,6,13.25,8,8,8,13.75,0.0802,Rendah
Social Service,1,9238,1,132.0,129.9,1,0,1,0,0,20,6,7,5,13.2,6,6,6,12.666666666666666,0.0802,Rendah
Communication Design,1,9070,1,110.0,107.6,1,0,1,1,1,22,6,6,6,11.666666666666666,6,6,6,12.166666666666666,0.0783,Rendah
Nursing,1,9500,1,141.0,124.3,0,0,1,0,0,19,8,8,7,14.514285714285714,8,8,7,14.514285714285714,0.0779,Rendah
Journalism and Communication,1,9773,1,130.0,137.4,0,0,1,0,0,19,6,6,6,15.0,6,7,6,14.0,0.0752,Rendah
Nursing,1,9500,1,128.0,120.5,1,0,1,0,1,19,7,10,5,13.04,7,7,7,12.5,0.0742,Rendah
Social Service,39,9238,1,133.1,130.0,0,0,1,0,0,31,6,6,6,13.166666666666666,6,8,6,13.0,0.0719,Rendah
Social Service (evening),43,8014,0,130.0,100.0,0,0,1,1,0,54,13,14,13,13.307692307692308,11,12,11,12.818181818181818,0.0718,Rendah
Nursing,1,9500,1,122.0,119.6,1,0,1,0,0,21,7,8,6,13.25,8,8,8,13.8375,0.0689,Rendah
Nursing,1,9500,1,137.0,125.3,0,0,1,1,0,19,7,7,7,12.2,7,7,7,12.2,0.0681,Rendah
Nursing,1,9500,1,126.0,120.2,0,0,1,0,1,19,7,9,5,14.06,7,9,7,11.242857142857142,0.0659,Rendah
Nursing,1,9500,1,135.0,124.0,1,0,1,0,1,19,8,8,7,12.771428571428572,8,8,7,12.771428571428572,0.0655,Rendah
Tourism,1,9254,1,128.0,120.0,1,0,1,0,1,20,6,6,6,14.5,6,7,5,15.0,0.0635,Rendah
Nursing,1,9500,1,131.0,118.0,1,0,1,0,1,18,8,8,7,13.242857142857144,8,8,7,13.242857142857144,0.0623,Rendah
Nursing,1,9500,1,145.0,132.3,1,0,1,0,1,19,8,8,7,14.06,8,8,7,14.06,0.0566,Rendah
Management (evening),44,9991,0,140.0,140.0,0,0,1,0,1,26,6,7,6,12.666666666666666,6,7,6,13.166666666666666,0.0551,Rendah
Communication Design,17,9070,1,145.0,153.1,1,0,1,0,1,20,6,6,6,12.5,6,6,6,14.333333333333334,0.0548,Rendah
Animation and Multimedia Design,1,171,1,133.1,128.2,1,0,1,1,1,19,12,12,12,13.333333333333334,11,15,10,12.818181818181818,0.0508,Rendah
Nursing,1,9500,1,126.0,121.3,1,0,1,0,1,18,7,9,6,13.533333333333331,7,7,7,12.228571428571428,0.0496,Rendah
Animation and Multimedia Design,15,171,1,130.0,130.0,0,0,1,1,0,21,12,12,12,15.083333333333334,11,15,11,13.083333333333334,0.0451,Rendah
Nursing,1,9500,1,143.0,133.8,1,0,1,0,0,18,8,8,8,14.26875,8,8,8,14.26875,0.0396,Rendah
Communication Design,1,9070,1,125.0,118.0,0,0,1,0,1,18,6,6,6,14.333333333333334,6,7,6,14.0,0.031,Rendah
Nursing,1,9500,1,143.0,142.3,0,0,1,0,1,18,7,7,7,13.79714285714286,8,8,8,13.775,0.0155,Rendah
